Longitude (x),Latitude (y),Station Name,Climate ID,Date/Time,Year,Month,Mean Max Temp (°C),Mean Max Temp Flag,Mean Min Temp (°C),Mean Min Temp Flag,Mean Temp (°C),Mean Temp Flag,Extr Max Temp (°C),Extr Max Temp Flag,Extr Min Temp (°C),Extr Min Temp Flag,Total Rain (mm),Total Rain Flag,Total Snow (cm),Total Snow Flag,Total Precip (mm),Total Precip Flag,Snow Grnd Last Day (cm),Snow Grnd Last Day Flag,Dir of Max Gust (10's deg),Dir of Max Gust Flag,Spd of Max Gust (km/h),Spd of Max Gust Flag
-79.6,43.78,WOODBRIDGE,6159575,Jan-48,,1,,M,,M,,M,,M,,M,,M,,M,,M,,,,,,
-79.6,43.78,WOODBRIDGE,6159575,Feb-48,1948,2,,M,,M,,M,,M,,M,,M,,M,,M,,,,,,
-79.6,43.78,WOODBRIDGE,6159575,Mar-48,1948,3,,M,,M,,M,,M,,M,,M,,M,,M,,,,,,
-79.6,43.78,WOODBRIDGE,6159575,Apr-48,1948,4,,M,,M,,M,,M,,M,,M,,M,,M,,,,,,
-79.6,43.78,WOODBRIDGE,6159575,May-48,1948,5,,M,,M,,M,,M,,M,,M,,M,,M,,,,,,
-79.6,43.78,WOODBRIDGE,6159575,Jun-48,1948,6,,M,,M,,M,,M,,M,,M,,M,,M,,,,,,
-79.6,43.78,WOODBRIDGE,6159575,Jul-48,1948,7,,M,,M,,M,,M,,M,,M,,M,,M,,,,,,
-79.6,43.78,WOODBRIDGE,6159575,Aug-48,1948,8,,M,,M,,M,,M,,M,,M,,M,,M,,,,,,
-79.6,43.78,WOODBRIDGE,6159575,Sep-48,1948,9,,M,,M,,M,,M,,M,,M,,M,,M,,,,,,
-79.6,43.78,WOODBRIDGE,6159575,Oct-48,1948,10,12.9,,3.3,,8.1,,21.1,,-5,,47.5,,0,,47.5,,,,,,,
-79.6,43.78,WOODBRIDGE,6159575,Nov-48,1948,11,9.6,,2.6,,6.1,,18.9,,-3.9,,79,,0.3,,79.2,,,,,,,
-79.6,43.78,WOODBRIDGE,6159575,Dec-48,1948,12,1.8,,-5.8,,-2,,12.2,,-21.7,,27.7,,30.2,,57.9,,,,,,,
-79.6,43.78,WOODBRIDGE,6159575,Jan-49,1949,1,0.5,,-6.9,,-3.2,,12.2,,-17.2,,44.7,,29.7,,74.4,,,,,,,
-79.6,43.78,WOODBRIDGE,6159575,Feb-49,1949,2,1,,-8.4,,-3.7,,11.1,,-22.8,,62,,31.2,,93.2,,,,,,,
-79.6,43.78,WOODBRIDGE,6159575,Mar-49,1949,3,2.9,,-6.7,,-1.9,,18.9,,-21.1,,25.4,,35.3,,60.7,,,,,,,
-79.6,43.78,WOODBRIDGE,6159575,Apr-49,1949,4,12.7,,0.1,,6.4,,25,,-6.1,S,35.1,,0,T,35.1,,,,,,,
-79.6,43.78,WOODBRIDGE,6159575,May-49,1949,5,20.9,,5.2,,13.1,,31.7,,-3.3,,6.6,,0,,6.6,,,,,,,
-79.6,43.78,WOODBRIDGE,6159575,Jun-49,1949,6,28.5,,13.6,,21.1,,34.4,S,2.2,S,4.8,,0,,4.8,,,,,,,
-79.6,43.78,WOODBRIDGE,6159575,Jul-49,1949,7,28.4,,15.2,,21.8,,34.4,S,8.9,S,57.2,,0,,57.2,,,,,,,
-79.6,43.78,WOODBRIDGE,6159575,Aug-49,1949,8,28.1,,14.6,,21.4,,35.6,,,M,78.7,,0,,78.7,,,,,,,
-79.6,43.78,WOODBRIDGE,6159575,Sep-49,1949,9,19.5,,7.8,,13.7,,28.9,,-1.7,,84.3,,0,,84.3,,,,,,,
-79.6,43.78,WOODBRIDGE,6159575,Oct-49,1949,10,17.4,,5.7,,11.6,,28.9,,-5,,66.5,,0,,66.5,,,,,,,
-79.6,43.78,WOODBRIDGE,6159575,Nov-49,1949,11,5.1,,-2.7,,1.2,,15,,-18.3,,17.5,,18.5,,36.1,,,,,,,
-79.6,43.78,WOODBRIDGE,6159575,Dec-49,1949,12,2.3,,-5.8,,-1.8,,15,,-15,,72.9,,15.2,,88.1,,,,,,,
-79.6,43.78,WOODBRIDGE,6159575,Jan-50,1950,1,2.5,,-6.5,,-2,,15.6,,-24.4,,59.2,,30.5,,89.7,,,,,,,
-79.6,43.78,WOODBRIDGE,6159575,Feb-50,1950,2,-2.3,,-11.6,,-7,,2.8,S,-26.1,S,20.8,,65.5,,86.4,,,,,,,
-79.6,43.78,WOODBRIDGE,6159575,Mar-50,1950,3,0.6,,-9.2,,-4.3,,11.1,,-29.4,,34.3,,44.5,,78.7,,,,,,,
-79.6,43.78,WOODBRIDGE,6159575,Apr-50,1950,4,7.5,,-1.8,,2.9,,18.3,,-8.9,,,M,,M,64.3,,,,,,,
-79.6,43.78,WOODBRIDGE,6159575,May-50,1950,5,18.4,,5.6,,12,,25,,-2.2,,15.2,,0,,15.2,,,,,,,
-79.6,43.78,WOODBRIDGE,6159575,Jun-50,1950,6,24.3,,9.9,,17.1,,31.7,,2.2,,67.3,,0,,67.3,,,,,,,
-79.6,43.78,WOODBRIDGE,6159575,Jul-50,1950,7,25.9,,12.4,,19.2,,30.6,S,6.7,S,73.4,,0,,73.4,,,,,,,
-79.6,43.78,WOODBRIDGE,6159575,Aug-50,1950,8,26.4,,12.1,,19.3,,31.7,S,2.8,,72.4,,0,,72.4,,,,,,,
-79.6,43.78,WOODBRIDGE,6159575,Sep-50,1950,9,19.7,,8.7,,14.2,,26.7,,1.1,S,15.5,,0,,15.5,,,,,,,
-79.6,43.78,WOODBRIDGE,6159575,Oct-50,1950,10,16.1,,5.3,,10.7,,26.7,,-3.9,,68.3,,0,,68.3,,,,,,,
-79.6,43.78,WOODBRIDGE,6159575,Nov-50,1950,11,6.1,,-2.3,,1.9,,25,,-13.3,,,M,,M,120.9,,,,,,,
-79.6,43.78,WOODBRIDGE,6159575,Dec-50,1950,12,-0.3,,-7.7,,-4,,9.4,,-20,,33.5,,3.8,,37.3,,,,,,,
-79.6,43.78,WOODBRIDGE,6159575,Jan-51,1951,1,-0.3,,-8.2,,-4.3,,10,S,-21.1,,29,,24.1,,53.1,,,M,,,,
-79.6,43.78,WOODBRIDGE,6159575,Feb-51,1951,2,-0.9,,-9.1,,-5,,10,,-26.7,,28.7,,14,,42.7,,,M,,,,
-79.6,43.78,WOODBRIDGE,6159575,Mar-51,1951,3,3.6,,-3.7,,-0.1,,10.6,S,-11.7,,114.6,,10.2,,124.7,,,M,,,,
-79.6,43.78,WOODBRIDGE,6159575,Apr-51,1951,4,10.8,,1.5,,6.2,,21.1,,-3.3,,126,,0,T,126,,,M,,,,
-79.6,43.78,WOODBRIDGE,6159575,May-51,1951,5,19.8,,6.7,,13.3,,29.4,,-0.6,,46.2,,0,,46.2,,,M,,,,
-79.6,43.78,WOODBRIDGE,6159575,Jun-51,1951,6,22.9,,11.1,,17,,27.8,S,5,,70.6,,0,,70.6,,,M,,,,
-79.6,43.78,WOODBRIDGE,6159575,Jul-51,1951,7,26.2,,13.6,,19.9,,31.7,,8.3,S,101.9,,0,,101.9,,,M,,,,
-79.6,43.78,WOODBRIDGE,6159575,Aug-51,1951,8,25,,11.2,,18.1,,31.7,S,5.6,S,48.5,,0,,48.5,,,M,,,,
-79.6,43.78,WOODBRIDGE,6159575,Sep-51,1951,9,21.6,,7.9,,14.8,,29.4,,-2.2,,42.2,,0,,42.2,,,M,,,,
-79.6,43.78,WOODBRIDGE,6159575,Oct-51,1951,10,15.2,,3.7,,9.5,,30.6,,-2.8,S,64,,0,,64,,0,,,,,
-79.6,43.78,WOODBRIDGE,6159575,Nov-51,1951,11,3.9,,-4.7,,-0.4,,15,,-15,,29.2,,33.5,,62.7,,,M,,,,
-79.6,43.78,WOODBRIDGE,6159575,Dec-51,1951,12,0.6,,-8.1,,-3.8,,16.1,,-25,,13.5,,76.2,,89.7,,,M,,,,
-79.6,43.78,WOODBRIDGE,6159575,Jan-52,1952,1,-1.3,,-9.3,,-5.3,,8.3,,-25,,31,,55.9,,86.9,,,,,,,
-79.6,43.78,WOODBRIDGE,6159575,Feb-52,1952,2,-0.3,,-8.1,,-4.2,,4.4,S,-19.4,S,18.5,,24.1,,42.7,,,,,,,
-79.6,43.78,WOODBRIDGE,6159575,Mar-52,1952,3,2.4,,-5.5,,-1.6,,18.3,,-12.2,,55.6,,3.3,,58.9,,,,,,,
-79.6,43.78,WOODBRIDGE,6159575,Apr-52,1952,4,14.1,,2.1,,8.1,,25.6,,-3.9,S,85.1,,0,,85.1,,,,,,,
-79.6,43.78,WOODBRIDGE,6159575,May-52,1952,5,17.4,,4.2,,10.8,,23.9,S,-3.9,,70.4,,0,,70.4,,,,,,,
-79.6,43.78,WOODBRIDGE,6159575,Jun-52,1952,6,24.9,,12.9,,18.9,,35.6,,4.4,,,M,,M,,M,,,,,,
-79.6,43.78,WOODBRIDGE,6159575,Jul-52,1952,7,28.4,,14.2,,21.3,,32.8,S,6.1,,71.4,,0,,71.4,,,,,,,
-79.6,43.78,WOODBRIDGE,6159575,Aug-52,1952,8,25.8,,11.1,,18.5,,32.2,,-0.6,,72.6,,0,,72.6,,,,,,,
-79.6,43.78,WOODBRIDGE,6159575,Sep-52,1952,9,23.8,,9.1,,16.5,,36.1,,0,,63.2,,0,,63.2,,,,,,,
-79.6,43.78,WOODBRIDGE,6159575,Oct-52,1952,10,13.1,,0,,6.6,,26.1,,-7.8,,23.6,,1.3,,24.9,,,,,,,
-79.6,43.78,WOODBRIDGE,6159575,Nov-52,1952,11,8.6,,-0.1,,4.3,,21.1,,-10,,103.4,,0,T,103.4,,,,,,,
-79.6,43.78,WOODBRIDGE,6159575,Dec-52,1952,12,1.8,,-3.9,,-1.1,,10,S,-19.4,,35.6,,17.5,,53.1,,,,,,,
-79.6,43.78,WOODBRIDGE,6159575,Jan-53,1953,1,0.6,,-7.2,,-3.3,,10.6,,-15.6,,31.5,,15.2,,46.7,,,,,,,
-79.6,43.78,WOODBRIDGE,6159575,Feb-53,1953,2,1.7,,-7.1,,-2.7,,12.2,,-20.6,,13.2,,29.5,,42.7,,,,,,,
-79.6,43.78,WOODBRIDGE,6159575,Mar-53,1953,3,5.2,,-3.6,,0.8,,16.1,,-16.1,S,75.7,,0.5,,76.2,,,,,,,
-79.6,43.78,WOODBRIDGE,6159575,Apr-53,1953,4,10.4,,0.7,,5.6,,18.3,,-5,,75.9,,0,T,75.9,,,,,,,
-79.6,43.78,WOODBRIDGE,6159575,May-53,1953,5,18.3,,6.6,,12.5,,29.4,,1.7,,133.9,,0,,133.9,,,,,,,
-79.6,43.78,WOODBRIDGE,6159575,Jun-53,1953,6,24,,11.3,,17.7,,31.1,,4.4,S,71.4,,0,,71.4,,,,,,,
-79.6,43.78,WOODBRIDGE,6159575,Jul-53,1953,7,26.8,,13.5,,20.2,,31.7,,5,,103.6,,0,,103.6,,,,,,,
-79.6,43.78,WOODBRIDGE,6159575,Aug-53,1953,8,26.4,,12.5,,19.5,,34.4,,5,,71.9,,0,,71.9,,,,,,,
-79.6,43.78,WOODBRIDGE,6159575,Sep-53,1953,9,21.9,,8.4,,15.2,,36.1,,-0.6,,84.3,,0,,84.3,,,,,,,
-79.6,43.78,WOODBRIDGE,6159575,Oct-53,1953,10,16.9,,2.5,,9.7,,24.4,,-5,,22.9,,0,,22.9,,,,,,,
-79.6,43.78,WOODBRIDGE,6159575,Nov-53,1953,11,9.7,,-0.1,,4.8,,21.1,,-8.3,,26.2,,17.8,,43.9,,,,,,,
-79.6,43.78,WOODBRIDGE,6159575,Dec-53,1953,12,3.2,,-4.8,,-0.8,,12.8,,-19.4,,43.7,,5.1,,48.8,,,,,,,
-79.6,43.78,WOODBRIDGE,6159575,Jan-54,1954,1,-3.6,,-13.3,,-8.5,,6.7,,-24.4,,18.8,,36.1,,54.9,,,,,,,
-79.6,43.78,WOODBRIDGE,6159575,Feb-54,1954,2,2.7,,-6.5,,-1.9,,13.9,,-23.9,,49.3,,30.5,,79.8,,,,,,,
-79.6,43.78,WOODBRIDGE,6159575,Mar-54,1954,3,2.6,,-6.3,,-1.9,,16.7,,-13.3,,49.5,,23.4,,72.9,,,,,,,
-79.6,43.78,WOODBRIDGE,6159575,Apr-54,1954,4,12.3,,1.1,,6.7,,23.3,,-13.9,S,94.5,,0,,94.5,,,,,,,
-79.6,43.78,WOODBRIDGE,6159575,May-54,1954,5,17.1,,3.8,,10.5,,26.7,,-1.1,S,38.6,,0,,38.6,,,,,,,
-79.6,43.78,WOODBRIDGE,6159575,Jun-54,1954,6,24.3,,12.5,,18.4,,31.1,,3.9,,97.5,,0,,97.5,,,,,,,
-79.6,43.78,WOODBRIDGE,6159575,Jul-54,1954,7,26.5,,11.6,,19.1,,32.2,,5,,10.4,,0,,10.4,,,,,,,
-79.6,43.78,WOODBRIDGE,6159575,Aug-54,1954,8,24.8,,11.2,,18,,30.6,,3.3,,108,,0,,108,,,,,,,
-79.6,43.78,WOODBRIDGE,6159575,Sep-54,1954,9,20.2,,9.2,,14.7,,30,,-0.6,,58.2,,0,,58.2,,,,,,,
-79.6,43.78,WOODBRIDGE,6159575,Oct-54,1954,10,15.4,,5.1,,10.3,,25.6,S,-3.9,,200.7,,0,T,200.7,,,,,,,
-79.6,43.78,WOODBRIDGE,6159575,Nov-54,1954,11,7.4,,-0.8,,3.3,,17.2,,-6.1,S,51.3,,0.3,,51.6,,,,,,,
-79.6,43.78,WOODBRIDGE,6159575,Dec-54,1954,12,-0.3,,-7.8,,-4.1,,6.7,,-17.8,,37.3,,23.1,,60.5,,,,,,,
-79.6,43.78,WOODBRIDGE,6159575,Jan-55,1955,1,-2.4,,-10.9,,-6.7,,4.4,,-21.7,,29,,28.4,,57.4,,,,,,,
-79.6,43.78,WOODBRIDGE,6159575,Feb-55,1955,2,-1.1,,-10.9,,-6,,5,,-25.6,,19.8,,29.7,,49.5,,,,,,,
-79.6,43.78,WOODBRIDGE,6159575,Mar-55,1955,3,3.1,,-6.7,,-1.8,,13.3,,-15,,30.2,,35.1,,65.3,,,,,,,
-79.6,43.78,WOODBRIDGE,6159575,Apr-55,1955,4,14.6,,2.9,,8.8,,23.9,,-5,,61,,0,T,61,,,,,,,
-79.6,43.78,WOODBRIDGE,6159575,May-55,1955,5,20.8,,6.8,,13.8,,30.6,,-1.1,,72.9,,0,,72.9,,,,,,,
-79.6,43.78,WOODBRIDGE,6159575,Jun-55,1955,6,24.8,,11.1,,18,,31.1,,6.7,,66.3,,0,,66.3,,,,,,,
-79.6,43.78,WOODBRIDGE,6159575,Jul-55,1955,7,30.3,,15.2,,22.8,,35,,7.8,,22.9,,0,,22.9,,,,,,,
-79.6,43.78,WOODBRIDGE,6159575,Aug-55,1955,8,26.8,,16.3,,21.6,,36.1,,7.2,,109.7,,0,,109.7,,,,,,,
-79.6,43.78,WOODBRIDGE,6159575,Sep-55,1955,9,21.6,,6.7,,14.2,,32.2,,0.6,,40.6,,0,,40.6,,,,,,,
-79.6,43.78,WOODBRIDGE,6159575,Oct-55,1955,10,15.8,,5.4,,10.6,,26.1,,,M,82.8,,0,T,82.8,,,,,,,
-79.6,43.78,WOODBRIDGE,6159575,Nov-55,1955,11,5.4,,-1.5,,2,,12.8,S,-16.7,,50.5,,4.6,,55.1,,,,,,,
-79.6,43.78,WOODBRIDGE,6159575,Dec-55,1955,12,-2,,-9.8,,-5.9,,9.4,,-26.7,,18,,43.7,,61.7,,,,,,,
-79.6,43.78,WOODBRIDGE,6159575,Jan-56,1956,1,-2.7,,-10.7,,-6.7,,5,,-19.4,,16.8,,34,,50.8,,,M,,,,
-79.6,43.78,WOODBRIDGE,6159575,Feb-56,1956,2,-0.7,,-9.3,,-5,,6.1,,-21.1,,12.2,,32.3,,44.5,,0,,,,,
-79.6,43.78,WOODBRIDGE,6159575,Mar-56,1956,3,1.5,,-7.3,,-2.9,,8.9,,-19.4,,55.6,,32.8,,88.4,,0,,,,,
-79.6,43.78,WOODBRIDGE,6159575,Apr-56,1956,4,9.3,,-1.3,,4,,16.7,,-7.8,,66.5,,11.4,,78,,,M,,,,
-79.6,43.78,WOODBRIDGE,6159575,May-56,1956,5,15.6,,4.2,,9.9,,30,,-3.9,,96.8,,0,T,96.8,,0,,,,,
-79.6,43.78,WOODBRIDGE,6159575,Jun-56,1956,6,22.6,,11.7,,17.2,,32.2,,6.1,S,70.9,,0,,70.9,,0,,,,,
-79.6,43.78,WOODBRIDGE,6159575,Jul-56,1956,7,23.2,,12.8,,18,,31.1,,6.1,,130,,0,,130,,0,,,,,
-79.6,43.78,WOODBRIDGE,6159575,Aug-56,1956,8,24.4,,13.2,,18.8,,29.4,,5,,193.3,,0,,193.3,,0,,,,,
-79.6,43.78,WOODBRIDGE,6159575,Sep-56,1956,9,18.4,,6.8,,12.6,,28.9,,-0.6,,32.8,,0,,32.8,,0,,,,,
-79.6,43.78,WOODBRIDGE,6159575,Oct-56,1956,10,16.6,,3.4,,10,,26.1,,-3.9,,24.4,,0,,24.4,,,M,,,,
-79.6,43.78,WOODBRIDGE,6159575,Nov-56,1956,11,7.6,,-0.6,,3.5,,18.9,,-12.8,,28.4,,10.7,,39.1,,,M,,,,
-79.6,43.78,WOODBRIDGE,6159575,Dec-56,1956,12,1.8,,-5.4,,-1.8,,7.8,,-20.6,,32.8,,30.5,,63.2,,,M,,,,
-79.6,43.78,WOODBRIDGE,6159575,Jan-57,1957,1,-4.2,,-14.6,,-9.4,,9.4,,-25.6,S,21.1,,43.9,,65,,,M,,,,
-79.6,43.78,WOODBRIDGE,6159575,Feb-57,1957,2,0.6,,-9.7,,-4.6,,11.1,,-18.9,,31.8,,35.6,,67.3,,,M,,,,
-79.6,43.78,WOODBRIDGE,6159575,Mar-57,1957,3,4.5,,-4.1,,0.2,,12.8,S,-12.2,,19.1,,5.1,,24.1,,,M,,,,
-79.6,43.78,WOODBRIDGE,6159575,Apr-57,1957,4,12.6,,2.3,,7.5,,26.7,,-6.1,,60.7,,11.4,,72.1,,,M,,,,
-79.6,43.78,WOODBRIDGE,6159575,May-57,1957,5,17.2,,5.4,,11.3,,26.7,,-3.3,,75.9,,0,,75.9,,0,,,,,
-79.6,43.78,WOODBRIDGE,6159575,Jun-57,1957,6,24.1,,12.1,,18.1,,34.4,,0.6,,100.3,,0,,100.3,,0,,,,,
-79.6,43.78,WOODBRIDGE,6159575,Jul-57,1957,7,26.8,,13,,19.9,,33.3,,5.6,,30.2,,0,,30.2,,0,,,,,
-79.6,43.78,WOODBRIDGE,6159575,Aug-57,1957,8,25.2,,11.4,,18.3,,32.2,,5,,53.1,,0,,53.1,,0,,,,,
-79.6,43.78,WOODBRIDGE,6159575,Sep-57,1957,9,21.3,,8.6,,15,,28.3,,-5,,83.6,,0,,83.6,,0,,,,,
-79.6,43.78,WOODBRIDGE,6159575,Oct-57,1957,10,14.5,,2.3,,8.4,,22.2,,-5.6,,58.9,,0,T,58.9,,,M,,,,
-79.6,43.78,WOODBRIDGE,6159575,Nov-57,1957,11,7.7,,-0.7,,3.5,,16.7,,-8.9,,43.7,,2.5,,46.2,,,M,,,,
-79.6,43.78,WOODBRIDGE,6159575,Dec-57,1957,12,1.8,,-4.9,,-1.6,,11.7,S,-20,,57.9,,9.9,,67.8,,,M,,,,
-79.6,43.78,WOODBRIDGE,6159575,Jan-58,1958,1,-2.4,,-9.7,,-6.1,,5,,-21.7,,0,T,40.1,,40.1,,,,,,,
-79.6,43.78,WOODBRIDGE,6159575,Feb-58,1958,2,-4.8,,-12.8,,-8.8,,5.6,,-25,,30,,6.6,,36.6,,,,,,,
-79.6,43.78,WOODBRIDGE,6159575,Mar-58,1958,3,4.6,,-2.8,,0.9,,11.1,S,-9.4,,0,,11.2,,11.2,,,,,,,
-79.6,43.78,WOODBRIDGE,6159575,Apr-58,1958,4,13.9,,0.8,,7.4,,25,S,-6.7,,19.8,,7.1,,26.9,,,,,,,
-79.6,43.78,WOODBRIDGE,6159575,May-58,1958,5,18.1,,3.4,,10.8,,26.7,S,-4.4,,23.1,,0,T,23.1,,,,,,,
-79.6,43.78,WOODBRIDGE,6159575,Jun-58,1958,6,22,,7.8,,14.9,,30,,1.7,S,30.5,,0,,30.5,,,,,,,
-79.6,43.78,WOODBRIDGE,6159575,Jul-58,1958,7,25.9,,13.6,,19.8,,31.1,S,5.6,,81,,0,,81,,,,,,,
-79.6,43.78,WOODBRIDGE,6159575,Aug-58,1958,8,25.9,,11.2,,18.6,,31.7,,5,,73.2,,0,,73.2,,,,,,,
-79.6,43.78,WOODBRIDGE,6159575,Sep-58,1958,9,21.4,,9.6,,15.5,,29.4,,0.6,,80,,0,,80,,,,,,,
-79.6,43.78,WOODBRIDGE,6159575,Oct-58,1958,10,14.6,,3.1,,8.9,,22.2,,-6.7,,30,,0,,30,,,,,,,
-79.6,43.78,WOODBRIDGE,6159575,Nov-58,1958,11,8.3,,-1.7,,3.3,,20,,-16.1,,40.9,,19.8,,60.7,,,,,,,
-79.6,43.78,WOODBRIDGE,6159575,Dec-58,1958,12,-3.1,,-12.9,,-8,,5.6,,-26.7,,1,,18.3,,19.3,,,,,,,
-79.6,43.78,WOODBRIDGE,6159575,Jan-59,1959,1,-3.4,,-12.6,,-8,,8.9,,-25,,41.7,,29.5,,71.1,,8,,,,,
-79.6,43.78,WOODBRIDGE,6159575,Feb-59,1959,2,-3.2,,-15.1,,-9.2,,5,,-28.9,,17.8,,63.2,,81,,,M,,,,
-79.6,43.78,WOODBRIDGE,6159575,Mar-59,1959,3,2.1,,-8.1,,-3,,10,,-18.9,,28.7,,31,,59.7,,,M,,,,
-79.6,43.78,WOODBRIDGE,6159575,Apr-59,1959,4,12.4,,0.2,,6.3,,23.3,,-7.2,,57.2,,0,T,57.2,,,M,,,,
-79.6,43.78,WOODBRIDGE,6159575,May-59,1959,5,19.8,,6.6,,13.2,,30,,-3.3,,47,,0,,47,,,M,,,,
-79.6,43.78,WOODBRIDGE,6159575,Jun-59,1959,6,25.7,,11.7,,18.7,,33.3,,2.2,,29.7,,0,,29.7,,,M,,,,
-79.6,43.78,WOODBRIDGE,6159575,Jul-59,1959,7,28.6,,13.1,,20.9,,32.2,,8.3,S,33.5,,0,,33.5,,,M,,,,
-79.6,43.78,WOODBRIDGE,6159575,Aug-59,1959,8,28.9,,16.1,,22.5,,35.6,,5.6,,59.2,,0,,59.2,,,M,,,,
-79.6,43.78,WOODBRIDGE,6159575,Sep-59,1959,9,23.5,,10.6,,17.1,,34.4,,-2.8,,64.5,,0,,64.5,,,M,,,,
-79.6,43.78,WOODBRIDGE,6159575,Oct-59,1959,10,13.3,,4.6,,9,,26.7,,-5,,73.7,,0,,73.7,,,M,,,,
-79.6,43.78,WOODBRIDGE,6159575,Nov-59,1959,11,5.6,,-3,,1.3,,18.9,,-12.2,,41.4,,15.2,,56.6,,,M,,,,
-79.6,43.78,WOODBRIDGE,6159575,Dec-59,1959,12,0.8,,-5.4,,-2.3,,7.8,,-17.2,,70.9,,22.1,,93,,,M,,,,
-79.6,43.78,WOODBRIDGE,6159575,Jan-60,1960,1,-2.2,,-10.1,,-6.2,,2.8,,-20,,39.6,,47,,86.6,,,,,,,
-79.6,43.78,WOODBRIDGE,6159575,Feb-60,1960,2,-1.1,,-10.1,,-5.6,,4.4,,-18.9,S,,M,24.4,,,M,,,,,,
-79.6,43.78,WOODBRIDGE,6159575,Mar-60,1960,3,-1.6,,-13.3,,-7.5,,9.4,,-23.3,,7.1,,26.7,,33.8,,,,,,,
-79.6,43.78,WOODBRIDGE,6159575,Apr-60,1960,4,12.2,,1.3,,6.8,,28.9,,-7.8,,77.5,,2.5,,80,,,,,,,
-79.6,43.78,WOODBRIDGE,6159575,May-60,1960,5,17.4,,8.1,,12.8,,23.9,,-2.8,,126.5,,0,,126.5,,,,,,,
-79.6,43.78,WOODBRIDGE,6159575,Jun-60,1960,6,23.4,,11.4,,17.4,,28.9,,6.1,S,53.8,,0,,53.8,,,,,,,
-79.6,43.78,WOODBRIDGE,6159575,Jul-60,1960,7,25.6,,11.8,,18.7,,30.6,,4.4,,117.9,,0,,117.9,,,,,,,
-79.6,43.78,WOODBRIDGE,6159575,Aug-60,1960,8,25.6,,12.1,,18.9,,30.6,,6.1,,30.5,,0,,30.5,,,,,,,
-79.6,43.78,WOODBRIDGE,6159575,Sep-60,1960,9,22.9,,9.8,,16.4,,32.8,S,1.1,,8.4,,0,,8.4,,,,,,,
-79.6,43.78,WOODBRIDGE,6159575,Oct-60,1960,10,15.2,,1.6,,8.4,,25.6,,-5.6,,47.5,,0.3,,47.8,,,,,,,
-79.6,43.78,WOODBRIDGE,6159575,Nov-60,1960,11,9.3,,0.1,,4.7,,15.6,,-6.1,S,54.6,,0,T,54.6,,,,,,,
-79.6,43.78,WOODBRIDGE,6159575,Dec-60,1960,12,-2,,-11.7,,-6.9,,13.3,,-25.6,,2.8,,9.7,,12.4,,,,,,,
-79.6,43.78,WOODBRIDGE,6159575,Jan-61,1961,1,-4.2,,-13.9,,-9.1,,6.1,,-26.7,,0.3,,10.4,,10.7,,,,,,,
-79.6,43.78,WOODBRIDGE,6159575,Feb-61,1961,2,1.2,,-9.2,,-4,,11.1,,-26.1,,52.3,,22.9,,75.2,,,,,,,
-79.6,43.78,WOODBRIDGE,6159575,Mar-61,1961,3,3.4,,-4.4,,-0.5,,17.8,,-17.8,,26.7,,38.1,,64.8,,,,,,,
-79.6,43.78,WOODBRIDGE,6159575,Apr-61,1961,4,8.7,,-0.2,,4.3,,19.4,,-5.6,S,54.4,,16,,70.4,,,,,,,
-79.6,43.78,WOODBRIDGE,6159575,May-61,1961,5,17.1,,4.5,,10.8,,26.7,,-2.8,,61,,0,,61,,,,,,,
-79.6,43.78,WOODBRIDGE,6159575,Jun-61,1961,6,22.6,,11,,16.8,,30.6,S,3.9,,94,,0,,94,,,,,,,
-79.6,43.78,WOODBRIDGE,6159575,Jul-61,1961,7,25.4,,14.2,,19.8,,31.1,,5,,69.1,,0,,69.1,,,,,,,
-79.6,43.78,WOODBRIDGE,6159575,Aug-61,1961,8,25.2,,14,,19.6,,31.1,,6.7,,,M,0,,,M,,,,,,
-79.6,43.78,WOODBRIDGE,6159575,Sep-61,1961,9,24.1,,12.7,,18.4,,30.6,S,1.7,,49.5,,0,,49.5,,,,,,,
-79.6,43.78,WOODBRIDGE,6159575,Oct-61,1961,10,16.2,,4.9,,10.6,,25,,-3.3,,9.7,,0,T,9.7,,,,,,,
-79.6,43.78,WOODBRIDGE,6159575,Nov-61,1961,11,6.2,,-2.1,,2.1,,23.9,,-9.4,,48.5,,1.3,,49.8,,,,,,,
-79.6,43.78,WOODBRIDGE,6159575,Dec-61,1961,12,0.7,,-6.8,,-3.1,,13.9,,-20,,23.9,,21.6,,45.5,,,,,,,
-79.6,43.78,WOODBRIDGE,6159575,Jan-62,1962,1,-3.9,,-11.9,,-7.9,,3.9,S,-21.1,,31.2,,36.8,,68.1,,,M,,,,
-79.6,43.78,WOODBRIDGE,6159575,Feb-62,1962,2,-3.4,,-13,,-8.2,,8.9,,-24.4,,10.7,,73.9,,84.6,,,M,,,,
-79.6,43.78,WOODBRIDGE,6159575,Mar-62,1962,3,4.3,,-5.2,,-0.5,,21.7,,-25.6,,13.5,,1,,14.5,,0,,,,,
-79.6,43.78,WOODBRIDGE,6159575,Apr-62,1962,4,13.2,,0.2,,6.7,,30.6,,-8.3,S,,M,1.3,,,M,0,,,,,
-79.6,43.78,WOODBRIDGE,6159575,May-62,1962,5,20.3,,8.2,,14.3,,32.2,,-2.8,,16.5,,0,T,16.5,,0,,,,,
-79.6,43.78,WOODBRIDGE,6159575,Jun-62,1962,6,22.7,,11.4,,17.1,,31.1,,3.9,,32,,0,,32,,0,,,,,
-79.6,43.78,WOODBRIDGE,6159575,Jul-62,1962,7,24.7,,12.2,,18.5,,33.3,,4.4,,,M,0,,,M,0,,,,,
-79.6,43.78,WOODBRIDGE,6159575,Aug-62,1962,8,26.1,,12.1,,19.1,,30.6,,5.6,,29,,0,,29,,0,,,,,
-79.6,43.78,WOODBRIDGE,6159575,Sep-62,1962,9,19.2,,8.3,,13.8,,32.2,,0.6,,81,,0,,81,,0,,,,,
-79.6,43.78,WOODBRIDGE,6159575,Oct-62,1962,10,14.2,,4.8,,9.5,,26.1,,-5.6,,,M,8.9,,,M,,M,,,,
-79.6,43.78,WOODBRIDGE,6159575,Nov-62,1962,11,6.4,,-3.1,,1.7,,12.2,,-10,,62.5,,3.3,,65.8,,0,,,,,
-79.6,43.78,WOODBRIDGE,6159575,Dec-62,1962,12,-0.7,E,-9.8,E,-5.3,E,,M,,M,,M,,M,,M,,M,,,,
-79.6,43.78,WOODBRIDGE,6159575,Jan-63,1963,1,-5.5,,-13.1,,-9.3,,2.8,,-25.6,,0,,22.6,,22.6,,,M,,,,
-79.6,43.78,WOODBRIDGE,6159575,Feb-63,1963,2,-5.1,,-16.2,,-10.7,,4.4,,-27.2,,0,,,M,,M,,M,,,,
-79.6,43.78,WOODBRIDGE,6159575,Mar-63,1963,3,5.2,,-5.4,,-0.1,,20.6,,-22.2,,25.7,,17,,42.7,,0,,,,,
-79.6,43.78,WOODBRIDGE,6159575,Apr-63,1963,4,12.5,,-1.2,,5.7,,21.7,,-7.2,,43.7,,0.8,,44.5,,0,,,,,
-79.6,43.78,WOODBRIDGE,6159575,May-63,1963,5,17.4,,3.8,,10.6,,24.4,S,-4.4,,73.4,,0,,73.4,,0,,,,,
-79.6,43.78,WOODBRIDGE,6159575,Jun-63,1963,6,24.9,,10.1,,17.5,,33.3,,4.4,S,26.9,,0,,26.9,,0,,,,,
-79.6,43.78,WOODBRIDGE,6159575,Jul-63,1963,7,26.6,,13.3,,20,,34.4,,3.9,,83.1,,0,,83.1,,0,,,,,
-79.6,43.78,WOODBRIDGE,6159575,Aug-63,1963,8,24.4,E,10.9,E,17.7,E,,M,,M,69.6,,0,,69.6,,0,,,,,
-79.6,43.78,WOODBRIDGE,6159575,Sep-63,1963,9,19.4,,5.7,,12.6,,26.1,S,-2.2,,55.9,,0,,55.9,,0,,,,,
-79.6,43.78,WOODBRIDGE,6159575,Oct-63,1963,10,20.6,,4.2,,12.4,,28.9,,-2.8,,14.2,,0,,14.2,,0,,,,,
-79.6,43.78,WOODBRIDGE,6159575,Nov-63,1963,11,9.2,,2.1,,5.7,,16.1,,-8.9,,56.9,,0,T,56.9,,0,,,,,
-79.6,43.78,WOODBRIDGE,6159575,Dec-63,1963,12,-3.7,,-13.6,,-8.7,,6.7,,-28.9,,7.9,,60.7,,68.6,,,M,,,,
-79.6,43.78,WOODBRIDGE,6159575,Jan-64,1964,1,-0.3,,-9.4,,-4.9,,6.7,,-25.6,,44.7,,23.6,,68.3,,,M,,,,
-79.6,43.78,WOODBRIDGE,6159575,Feb-64,1964,2,-0.9,,-12.2,,-6.6,,6.1,,-23.9,,0,,41.9,,41.9,,,M,,,,
-79.6,43.78,WOODBRIDGE,6159575,Mar-64,1964,3,3.8,,-6.6,,-1.4,,18.3,,-18.9,,58.9,,26.7,,85.6,,,M,,,,
-79.6,43.78,WOODBRIDGE,6159575,Apr-64,1964,4,11,,0.2,,5.6,,27.8,,-11.7,,62.2,,0,T,62.2,,0,,,,,
-79.6,43.78,WOODBRIDGE,6159575,May-64,1964,5,20.8,,6.3,,13.6,,31.7,,-1.1,,51.8,,0,,51.8,,0,,,,,
-79.6,43.78,WOODBRIDGE,6159575,Jun-64,1964,6,23.9,,9.7,,16.8,,35,,-1.1,,31,,0,,31,,0,,,,,
-79.6,43.78,WOODBRIDGE,6159575,Jul-64,1964,7,27.3,,14.9,,21.1,,33.9,,7.8,,103.9,,0,,103.9,,0,,,,,
-79.6,43.78,WOODBRIDGE,6159575,Aug-64,1964,8,23.2,,10.7,,17,,29.4,,6.1,S,125,,0,,125,,0,,,,,
-79.6,43.78,WOODBRIDGE,6159575,Sep-64,1964,9,20.7,,8.4,,14.6,,31.7,,-1.1,,8.6,,0,,8.6,,0,,,,,
-79.6,43.78,WOODBRIDGE,6159575,Oct-64,1964,10,14.2,,1.5,,7.9,,24.4,,-7.8,,39.9,,1.8,,41.7,,0,,,,,
-79.6,43.78,WOODBRIDGE,6159575,Nov-64,1964,11,8.4,,-0.7,,3.9,,18.9,,-10,,25.7,,12.7,,38.4,,0,,,,,
-79.6,43.78,WOODBRIDGE,6159575,Dec-64,1964,12,0.4,,-7.1,,-3.4,,10.6,,-17.8,,19.6,,25.1,,44.7,,0,,,,,
-79.6,43.78,WOODBRIDGE,6159575,Jan-65,1965,1,-3.3,,-11.5,,-7.4,,11.1,,-26.1,,21.3,,42.9,,64.3,,,M,,,,
-79.6,43.78,WOODBRIDGE,6159575,Feb-65,1965,2,-1.6,,-9.9,,-5.8,,11.1,,-17.8,,39.6,,50.8,,90.4,,,M,,,,
-79.6,43.78,WOODBRIDGE,6159575,Mar-65,1965,3,0.9,,-6.8,,-3,,7.2,,-16.1,,5.6,,28.2,,33.8,,,M,,,,
-79.6,43.78,WOODBRIDGE,6159575,Apr-65,1965,4,8.9,,-1.3,,3.8,,19.4,S,-11.1,,47,,10.2,,57.2,,0,,,,,
-79.6,43.78,WOODBRIDGE,6159575,May-65,1965,5,20.9,,6.7,,13.8,,30.6,,-1.7,,34.3,,0,,34.3,,0,,,,,
-79.6,43.78,WOODBRIDGE,6159575,Jun-65,1965,6,24.1,,9.7,,16.9,,32.8,,1.7,S,38.1,,0,,38.1,,0,,,,,
-79.6,43.78,WOODBRIDGE,6159575,Jul-65,1965,7,24.3,,11.2,,17.8,,31.1,,5,,63.5,E,0,,63.5,E,0,,,,,
-79.6,43.78,WOODBRIDGE,6159575,Aug-65,1965,8,24.4,,12.5,,18.5,,33.9,,0.6,,52.6,,0,,52.6,,0,,,,,
-79.6,43.78,WOODBRIDGE,6159575,Sep-65,1965,9,20.7,,10.9,,15.8,,30,S,-3.9,,74.9,,0,,74.9,,0,,,,,
-79.6,43.78,WOODBRIDGE,6159575,Oct-65,1965,10,12.5,,3,,7.8,,21.1,,-8.9,,109.2,,1.3,,110.5,,0,,,,,
-79.6,43.78,WOODBRIDGE,6159575,Nov-65,1965,11,6.2,,-0.8,,2.7,,20,,-8.3,,83.1,,2.5,,85.6,,,M,,,,
-79.6,43.78,WOODBRIDGE,6159575,Dec-65,1965,12,2.4,,-3.9,,-0.8,,13.3,,-17.2,,48.8,,15.7,,64.5,,0,,,,,
-79.6,43.78,WOODBRIDGE,6159575,Jan-66,1966,1,-3.5,,-12.4,,-8,,6.7,,-27.2,,3.3,,68.6,,71.9,,,M,,,,
-79.6,43.78,WOODBRIDGE,6159575,Feb-66,1966,2,-0.9,,-9.3,,-5.1,,7.2,,-22.8,,26.9,,16.3,,43.2,,0,T,,,,
-79.6,43.78,WOODBRIDGE,6159575,Mar-66,1966,3,5,,-3.5,,0.8,,18.9,,-12.8,,37.3,,13.5,,50.8,,,M,,,,
-79.6,43.78,WOODBRIDGE,6159575,Apr-66,1966,4,9.9,,-0.3,,4.8,,18.9,,-5.6,S,43.9,,4.1,,48,,0,,,,,
-79.6,43.78,WOODBRIDGE,6159575,May-66,1966,5,16.2,,2.6,,9.4,,27.8,S,-6.7,,44.2,,0,,44.2,,0,,,,,
-79.6,43.78,WOODBRIDGE,6159575,Jun-66,1966,6,25.1,,11.1,,18.1,,33.3,,1.1,,69.9,,0,,69.9,,0,,,,,
-79.6,43.78,WOODBRIDGE,6159575,Jul-66,1966,7,28.2,,14.2,,21.2,,35,,6.7,,32.8,,0,,32.8,,0,,,,,
-79.6,43.78,WOODBRIDGE,6159575,Aug-66,1966,8,25.4,,12.9,,19.2,,31.1,S,,M,51.3,,0,,51.3,,0,,,,,
-79.6,43.78,WOODBRIDGE,6159575,Sep-66,1966,9,20,,7.9,,14,,29.4,,-1.1,,71.4,,0,,71.4,,0,,,,,
-79.6,43.78,WOODBRIDGE,6159575,Oct-66,1966,10,14.3,,2.8,,8.6,,24.4,,-7.2,,34.3,,0,T,34.3,,0,,,,,
-79.6,43.78,WOODBRIDGE,6159575,Nov-66,1966,11,7.6,,0.2,,3.9,,16.1,S,-11.1,,108.2,,9.7,,117.9,,,M,,,,
-79.6,43.78,WOODBRIDGE,6159575,Dec-66,1966,12,0.3,,-6.9,,-3.3,,18.3,,-17.8,,72.9,,16.3,,89.2,,,M,,,,
-79.6,43.78,WOODBRIDGE,6159575,Jan-67,1967,1,0.8,,-7.7,,-3.5,,13.3,,-23.3,,16.3,,47.2,,63.5,,,M,,,,
-79.6,43.78,WOODBRIDGE,6159575,Feb-67,1967,2,-3.8,,-14.2,,-9,,6.7,,-27.8,,17.8,,33.5,,51.3,,,M,,,,
-79.6,43.78,WOODBRIDGE,6159575,Mar-67,1967,3,2.5,,-6.4,,-2,,18.3,,-23.3,,7.6,,15.2,,22.9,,0,,,,,
-79.6,43.78,WOODBRIDGE,6159575,Apr-67,1967,4,11.8,,0.7,,6.3,,20.6,S,-7.2,,62.2,,5.1,,67.3,,0,,,,,
-79.6,43.78,WOODBRIDGE,6159575,May-67,1967,5,14.4,,3.5,,9,,21.7,,-3.9,,53.3,,0,,53.3,,0,,,,,
-79.6,43.78,WOODBRIDGE,6159575,Jun-67,1967,6,25.8,,13.4,,19.6,,31.7,,6.1,,180.6,,0,,180.6,,0,,,,,
-79.6,43.78,WOODBRIDGE,6159575,Jul-67,1967,7,25.1,,13.7,,19.4,,30,,7.2,S,67.8,,0,,67.8,,0,,,,,
-79.6,43.78,WOODBRIDGE,6159575,Aug-67,1967,8,24.2,,12.6,,18.4,,29.4,S,6.7,,69.6,,0,,69.6,,0,,,,,
-79.6,43.78,WOODBRIDGE,6159575,Sep-67,1967,9,20.9,,6.5,,13.7,,27.8,,-1.1,S,76.7,,0,,76.7,,0,,,,,
-79.6,43.78,WOODBRIDGE,6159575,Oct-67,1967,10,13.6,,4.8,,9.2,,26.7,,-2.8,,82.6,,0,T,82.6,,0,,,,,
-79.6,43.78,WOODBRIDGE,6159575,Nov-67,1967,11,4.4,,-1.9,,1.3,,14.4,,-12.8,,36.1,,18,,54.1,,0,,,,,
-79.6,43.78,WOODBRIDGE,6159575,Dec-67,1967,12,1.6,,-5.3,,-1.9,,14.4,,-15,S,45.7,,23.4,,69.1,,,M,,,,
-79.6,43.78,WOODBRIDGE,6159575,Jan-68,1968,1,-4.9,,-13.2,,-9.1,,3.9,,-27.2,S,40.4,,62.5,,102.9,,,M,,,,
-79.6,43.78,WOODBRIDGE,6159575,Feb-68,1968,2,-4.1,,-12.6,,-8.4,,7.2,,-24.4,,32.5,,11.9,,44.5,,,M,,,,
-79.6,43.78,WOODBRIDGE,6159575,Mar-68,1968,3,5.5,,-4.4,,0.6,,20.6,S,-16.1,,41.7,,28.7,,70.4,,0,,,,,
-79.6,43.78,WOODBRIDGE,6159575,Apr-68,1968,4,14.3,,1.2,,7.8,,26.1,,-8.3,,31,,0,T,31,,0,,,,,
-79.6,43.78,WOODBRIDGE,6159575,May-68,1968,5,15.9,,5.6,,10.8,,21.7,,-2.2,,81.8,,0,,81.8,,0,,,,,
-79.6,43.78,WOODBRIDGE,6159575,Jun-68,1968,6,23.2,,11.1,,17.2,,32.2,S,3.3,,61.7,,0,,61.7,,0,,,,,
-79.6,43.78,WOODBRIDGE,6159575,Jul-68,1968,7,26.7,,12.9,,19.8,,33.3,,2.8,,54.9,E,0,,54.9,E,0,,,,,
-79.6,43.78,WOODBRIDGE,6159575,Aug-68,1968,8,25.3,,13.2,,19.3,,32.2,,5,,136.9,,0,,136.9,,0,,,,,
-79.6,43.78,WOODBRIDGE,6159575,Sep-68,1968,9,22.3,,11.7,,17,,27.8,S,3.3,,55.1,,0,,55.1,,0,,,,,
-79.6,43.78,WOODBRIDGE,6159575,Oct-68,1968,10,,M,,M,,M,,M,,M,,M,,M,,M,,M,,,,
-79.6,43.78,WOODBRIDGE,6159575,Nov-68,1968,11,5.7,,-0.8,,2.5,,15,,-5.6,,80,,16.5,,96.5,,,M,,,,
-79.6,43.78,WOODBRIDGE,6159575,Dec-68,1968,12,-1.6,,-8.1,,-4.9,,10,,-21.7,,20.8,,57.7,,78.5,,,M,,,,
-79.6,43.78,WOODBRIDGE,6159575,Jan-69,1969,1,-2.6,,-10.2,,-6.4,,6.7,,-20.6,S,34.5,,22.4,,56.9,,,M,,,,
-79.6,43.78,WOODBRIDGE,6159575,Feb-69,1969,2,-0.9,,-8.9,,-4.9,,3.9,,-18.3,,0,,11.4,,11.4,,,M,,,,
-79.6,43.78,WOODBRIDGE,6159575,Mar-69,1969,3,2.2,,-6.5,,-2.2,,13.3,,-16.1,,26.4,,13,,39.4,,,M,,,,
-79.6,43.78,WOODBRIDGE,6159575,Apr-69,1969,4,12.8,,1.6,,7.2,,25.6,,-7.8,,93.2,,0,,93.2,,0,,,,,
-79.6,43.78,WOODBRIDGE,6159575,May-69,1969,5,18.3,,5.8,,12.1,,32.2,,-1.1,S,68.1,,0,,68.1,,0,,,,,
-79.6,43.78,WOODBRIDGE,6159575,Jun-69,1969,6,22,,10.2,,16.1,,32.2,,3.3,,39.9,,0,,39.9,,0,,,,,
-79.6,43.78,WOODBRIDGE,6159575,Jul-69,1969,7,26,,14.1,,20.1,,33.3,,6.7,S,98.8,,0,,98.8,,0,,,,,
-79.6,43.78,WOODBRIDGE,6159575,Aug-69,1969,8,27.7,,14.3,,21,,32.2,,5.6,,60.5,,0,,60.5,,0,,,,,
-79.6,43.78,WOODBRIDGE,6159575,Sep-69,1969,9,21.8,,9.7,,15.8,,30.6,,1.7,,13.2,,0,,13.2,,0,,,,,
-79.6,43.78,WOODBRIDGE,6159575,Oct-69,1969,10,13.8,,3.6,,8.7,,23.9,,-7.8,,35.3,E,12.7,,48,E,,M,,,,
-79.6,43.78,WOODBRIDGE,6159575,Nov-69,1969,11,6.9,,0.5,,3.7,,14.4,,-10,,72.9,,6.9,,79.8,,0,T,,,,
-79.6,43.78,WOODBRIDGE,6159575,Dec-69,1969,12,-2.3,,-9.3,,-5.8,,4.4,,-21.7,S,10.9,,31.2,,53.6,,,M,,,,
-79.6,43.78,WOODBRIDGE,6159575,Jan-70,1970,1,-5.8,,-15.7,,-10.8,,7.2,,-30,,5.1,,47.5,,52.6,,,M,,,,
-79.6,43.78,WOODBRIDGE,6159575,Feb-70,1970,2,-1.7,,-12.2,,-7,,6.7,,-27.8,,9.1,,7.6,,16.8,,,M,,,,
-79.6,43.78,WOODBRIDGE,6159575,Mar-70,1970,3,2.1,,-6.4,,-2.2,,8.3,,-18.3,,27.9,,17.8,,45.7,,,M,,,,
-79.6,43.78,WOODBRIDGE,6159575,Apr-70,1970,4,13.3,,0.9,,7.1,,25.6,S,-8.3,,63.2,,11.4,,74.7,,0,,,,,
-79.6,43.78,WOODBRIDGE,6159575,May-70,1970,5,18.8,,6.5,,12.7,,28.3,,-4.4,,63.2,,0,,63.2,,0,,,,,
-79.6,43.78,WOODBRIDGE,6159575,Jun-70,1970,6,24.1,,11,,17.6,,31.1,,3.9,,42.7,,0,,42.7,,0,,,,,
-79.6,43.78,WOODBRIDGE,6159575,Jul-70,1970,7,26.8,,15,,20.9,,32.2,S,7.2,,87.1,,0,,87.1,,0,,,,,
-79.6,43.78,WOODBRIDGE,6159575,Aug-70,1970,8,26.5,,13.3,,19.9,,32.2,,7.8,,91.7,,0,,91.7,,0,,,,,
-79.6,43.78,WOODBRIDGE,6159575,Sep-70,1970,9,20.9,,10.7,,15.8,,30,,3.9,S,94.7,,0,,94.7,,0,,,,,
-79.6,43.78,WOODBRIDGE,6159575,Oct-70,1970,10,15.1,,5.9,,10.5,,24.4,,-5,,57.4,,0,,57.4,,0,,,,,
-79.6,43.78,WOODBRIDGE,6159575,Nov-70,1970,11,7.4,,1.3,,4.4,,13.9,S,-11.1,,39.9,,9.7,,49.5,,0,,,,,
-79.6,43.78,WOODBRIDGE,6159575,Dec-70,1970,12,-1.6,,-9.2,,-5.4,,15.6,,-22.8,,26.2,,76.2,,102.4,,,M,,,,
-79.6,43.78,WOODBRIDGE,6159575,Jan-71,1971,1,-4.8,,-14.3,,-9.6,,5.6,,-25.6,,4.1,,32.8,,36.8,,,M,,,,
-79.6,43.78,WOODBRIDGE,6159575,Feb-71,1971,2,-1,,-8.6,,-4.8,,6.1,S,-27.8,,42.7,,17.3,,59.9,,,M,,,,
-79.6,43.78,WOODBRIDGE,6159575,Mar-71,1971,3,0.9,,-7.8,,-3.5,,11.1,,-17.8,,3.8,E,31.5,,35.3,E,,M,,,,
-79.6,43.78,WOODBRIDGE,6159575,Apr-71,1971,4,10.3,,-0.8,,4.8,,20.6,,-7.2,S,21.8,,3.6,,25.4,,0,,,,,
-79.6,43.78,WOODBRIDGE,6159575,May-71,1971,5,18.7,,4.9,,11.8,,29.4,,-2.2,,31.5,,0,,31.5,,0,,,,,
-79.6,43.78,WOODBRIDGE,6159575,Jun-71,1971,6,24.9,,11.6,,18.3,,33.3,S,3.3,,56.9,,0,,56.9,,0,,,,,
-79.6,43.78,WOODBRIDGE,6159575,Jul-71,1971,7,25.6,,13.5,,19.6,,31.1,,7.2,,132.8,,0,,132.8,,0,,,,,
-79.6,43.78,WOODBRIDGE,6159575,Aug-71,1971,8,25.7,,12.9,,19.3,,32.2,,2.2,,147.3,,0,,147.3,,0,,,,,
-79.6,43.78,WOODBRIDGE,6159575,Sep-71,1971,9,22.7,,12,,17.4,,31.1,,1.7,,50.3,,0,,50.3,,0,,,,,
-79.6,43.78,WOODBRIDGE,6159575,Oct-71,1971,10,18.3,,7.2,,12.8,,28.9,,-1.1,,24.9,,0,,24.9,,0,,,,,
-79.6,43.78,WOODBRIDGE,6159575,Nov-71,1971,11,6,,-1.3,,2.4,,20,,-12.2,,23.6,,17.3,,40.9,,,M,,,,
-79.6,43.78,WOODBRIDGE,6159575,Dec-71,1971,12,2.4,,-5.5,,-1.6,,15.6,,-18.3,,67.6,,39.4,,106.9,,,M,,,,
-79.6,43.78,WOODBRIDGE,6159575,Jan-72,1972,1,-0.8,,-11,,-5.9,,8.9,,-24.4,,25.1,,26.9,,52.1,,,M,,,,
-79.6,43.78,WOODBRIDGE,6159575,Feb-72,1972,2,-2.4,,-14.2,,-8.3,,3.3,,-25,,32.5,,30.5,,63,,,M,,,,
-79.6,43.78,WOODBRIDGE,6159575,Mar-72,1972,3,-0.1,,-9.1,,-4.6,,7.8,,-20,,64.3,E,34.3,E,98.6,E,,M,,,,
-79.6,43.78,WOODBRIDGE,6159575,Apr-72,1972,4,8.1,,-2.7,,2.7,,21.7,,-17.2,,43.7,,19.8,,63.5,,0,,,,,
-79.6,43.78,WOODBRIDGE,6159575,May-72,1972,5,20.6,,5.8,,13.2,,28.9,,-2.2,,50.8,,0,,50.8,,0,,,,,
-79.6,43.78,WOODBRIDGE,6159575,Jun-72,1972,6,21.5,,9.9,,15.7,,28.9,,-1.7,,86.4,,0,,86.4,,0,,,,,
-79.6,43.78,WOODBRIDGE,6159575,Jul-72,1972,7,26.5,,13.3,,19.9,,33.3,,5,,37.8,,0,,37.8,,0,,,,,
-79.6,43.78,WOODBRIDGE,6159575,Aug-72,1972,8,24.8,,12.5,,18.7,,30,,3.3,,50.5,,0,,50.5,,0,,,,,
-79.6,43.78,WOODBRIDGE,6159575,Sep-72,1972,9,21.8,,9.9,,15.9,,28.9,,-0.6,,67.8,,0,,67.8,,0,,,,,
-79.6,43.78,WOODBRIDGE,6159575,Oct-72,1972,10,11.5,,1.2,,6.4,,21.7,,-11.7,,80.5,,1.3,,81.8,,,M,,,,
-79.6,43.78,WOODBRIDGE,6159575,Nov-72,1972,11,3.9,,-2.1,,0.9,,10.6,,-10.6,,45.7,,16.5,,62.2,,,M,,,,
-79.6,43.78,WOODBRIDGE,6159575,Dec-72,1972,12,-0.4,,-6.9,,-3.7,,7.2,,-15,S,49.5,,57.4,,106.9,,,M,,,,
-79.6,43.78,WOODBRIDGE,6159575,Jan-73,1973,1,-0.4,,-8.9,,-4.7,,10.6,,-22.2,S,20.8,,10.9,,31.8,,,M,,,,
-79.6,43.78,WOODBRIDGE,6159575,Feb-73,1973,2,-2.6,,-13.1,,-7.9,,6.1,,-23.9,S,17.5,,26.7,,44.2,,,M,,,,
-79.6,43.78,WOODBRIDGE,6159575,Mar-73,1973,3,7.4,,-1.6,,2.9,,20,,-9.4,,95.5,,17.8,,113.3,,,M,,,,
-79.6,43.78,WOODBRIDGE,6159575,Apr-73,1973,4,11.8,,0.7,,6.3,,24.4,,-9.4,,52.8,,1.3,,54.1,,0,,,,,
-79.6,43.78,WOODBRIDGE,6159575,May-73,1973,5,16.1,,5.4,,10.8,,23.3,,-2.2,,87.6,E,0,,87.6,E,0,,,,,
-79.6,43.78,WOODBRIDGE,6159575,Jun-73,1973,6,24.5,,12.6,,18.6,,32.2,,6.7,,58.9,,0,,58.9,,0,,,,,
-79.6,43.78,WOODBRIDGE,6159575,Jul-73,1973,7,27.2,,14.2,,20.7,,32.2,S,6.1,,36.3,,0,,36.3,,0,,,,,
-79.6,43.78,WOODBRIDGE,6159575,Aug-73,1973,8,28,,14.6,,21.3,,35,,5.6,,5.1,,0,,5.1,,0,,,,,
-79.6,43.78,WOODBRIDGE,6159575,Sep-73,1973,9,22.8,,8.2,,15.5,,34.4,,-2.8,,35.6,,0,,35.6,,0,,,,,
-79.6,43.78,WOODBRIDGE,6159575,Oct-73,1973,10,16.3,,4.8,,10.6,,22.2,S,-3.9,,102.6,,0,,102.6,,0,,,,,
-79.6,43.78,WOODBRIDGE,6159575,Nov-73,1973,11,6.9,,-0.6,,3.2,,16.1,,-10,,80.3,,5.1,,85.3,,,M,,,,
-79.6,43.78,WOODBRIDGE,6159575,Dec-73,1973,12,-1.2,,-8.3,,-4.8,,13.9,,-21.7,S,34,,44.7,,78.7,,,M,,,,
-79.6,43.78,WOODBRIDGE,6159575,Jan-74,1974,1,-1.8,,-10.8,,-6.3,,7.8,,-25.6,,39.6,,35.1,,74.7,,,M,,,,
-79.6,43.78,WOODBRIDGE,6159575,Feb-74,1974,2,-3.4,,-13.2,,-8.3,,7.8,,-22.2,S,21.1,,22.6,,43.7,,,M,,,,
-79.6,43.78,WOODBRIDGE,6159575,Mar-74,1974,3,2.8,,-5.8,,-1.5,,15.6,,-17.8,,42.7,,13,,55.6,,,M,,,,
-79.6,43.78,WOODBRIDGE,6159575,Apr-74,1974,4,13.2,,0.2,,6.7,,26.7,,-7.8,,74.2,,5.6,,79.8,,,M,,,,
-79.6,43.78,WOODBRIDGE,6159575,May-74,1974,5,16.1,,4.2,,10.2,,28.3,,-5,,132.1,,0,,132.1,,0,,,,,
-79.6,43.78,WOODBRIDGE,6159575,Jun-74,1974,6,22.6,,10.6,,16.6,,28.9,,3.9,,94,,0,,94,,0,,,,,
-79.6,43.78,WOODBRIDGE,6159575,Jul-74,1974,7,26.5,,12.9,,19.7,,32.2,S,6.1,,32,,0,,32,,0,,,,,
-79.6,43.78,WOODBRIDGE,6159575,Aug-74,1974,8,26.5,,12.2,,19.4,,31.7,,5.6,,9.7,,0,,9.7,,0,,,,,
-79.6,43.78,WOODBRIDGE,6159575,Sep-74,1974,9,20.5,,6.3,,13.4,,29.4,,-3.9,,50.8,,0,,50.8,,0,,,,,
-79.6,43.78,WOODBRIDGE,6159575,Oct-74,1974,10,13.7,,-0.2,,6.8,,23.9,,-8.9,,31.8,,0,,31.8,,,M,,,,
-79.6,43.78,WOODBRIDGE,6159575,Nov-74,1974,11,6.4,,-1.6,,2.4,,23.3,,-13.9,,83.3,,4.1,,87.4,,,M,,,,
-79.6,43.78,WOODBRIDGE,6159575,Dec-74,1974,12,1.8,,-5.3,,-1.8,,7.2,,-13.3,,9.9,,37.3,,47.2,,,M,,,,
-79.6,43.78,WOODBRIDGE,6159575,Jan-75,1975,1,0.8,,-9.3,,-4.3,,11.7,S,-25.6,,45.5,,16,,61.5,,,M,,,,
-79.6,43.78,WOODBRIDGE,6159575,Feb-75,1975,2,-0.6,,-8.4,,-4.5,,10,,-17.8,S,47,,16.5,,63.5,,,M,,,,
-79.6,43.78,WOODBRIDGE,6159575,Mar-75,1975,3,1.9,,-7.7,,-2.9,,10.6,,-22.2,,36.1,,17.8,,53.8,,,M,,,,
-79.6,43.78,WOODBRIDGE,6159575,Apr-75,1975,4,7.5,,-3.4,,2.1,,19.4,,-10,,44.2,,21.6,,65.8,,0,,,,,
-79.6,43.78,WOODBRIDGE,6159575,May-75,1975,5,22.2,,8.3,,15.3,,30.6,,1.1,,56.4,,0,,56.4,,0,,,,,
-79.6,43.78,WOODBRIDGE,6159575,Jun-75,1975,6,24.5,,11.9,,18.2,,31.7,,3.9,,43.2,,0,,43.2,,0,,,,,
-79.6,43.78,WOODBRIDGE,6159575,Jul-75,1975,7,28.7,,13.4,,21.1,,36.7,,6.1,,49,,0,,49,,0,,,,,
-79.6,43.78,WOODBRIDGE,6159575,Aug-75,1975,8,27.1,E,13.7,E,20.4,E,37.2,,5.6,,76.7,,0,,76.7,,0,,,,,
-79.6,43.78,WOODBRIDGE,6159575,Sep-75,1975,9,18.9,,8.2,,13.6,,26.7,,0,,51.8,,0,,51.8,,0,,,,,
-79.6,43.78,WOODBRIDGE,6159575,Oct-75,1975,10,15.3,,4.9,,10.1,,22.2,,-8.3,,37.8,,0,,37.8,,0,,,,,
-79.6,43.78,WOODBRIDGE,6159575,Nov-75,1975,11,11.1,,2.2,,6.7,,20,S,-5,,41.9,,2,,43.9,,,M,,,,
-79.6,43.78,WOODBRIDGE,6159575,Dec-75,1975,12,-1.2,,-9.6,,-5.4,,13.3,,-25,,29.7,,42.4,,72.1,,,M,,,,
-79.6,43.78,WOODBRIDGE,6159575,Jan-76,1976,1,-4.4,,-15.1,,-9.8,,5.6,,-33.3,,16.5,,46.5,,63,,,M,,,,
-79.6,43.78,WOODBRIDGE,6159575,Feb-76,1976,2,1.9,,-6.7,,-2.4,,12.8,,-25.6,,57.4,,5.1,,62.5,,,M,,,,
-79.6,43.78,WOODBRIDGE,6159575,Mar-76,1976,3,4.7,,-4.4,,0.2,,17.8,,-13.9,,60.7,,16,,76.7,,,M,,,,
-79.6,43.78,WOODBRIDGE,6159575,Apr-76,1976,4,13.8,,1.8,,7.8,,28.9,,-8.9,,46.5,,2.3,,48.8,,,M,,,,
-79.6,43.78,WOODBRIDGE,6159575,May-76,1976,5,16.4,,5.6,,11,,24.4,,-0.6,,91.2,,0,T,91.2,,0,,,,,
-79.6,43.78,WOODBRIDGE,6159575,Jun-76,1976,6,25.4,,13.3,,19.4,,31.7,,5.6,S,83.1,,0,,83.1,,0,,,,,
-79.6,43.78,WOODBRIDGE,6159575,Jul-76,1976,7,24.3,,13.7,,19,,31.1,,7.2,,112.5,,0,,112.5,,0,,,,,
-79.6,43.78,WOODBRIDGE,6159575,Aug-76,1976,8,24.9,,12.7,,18.8,,30.6,,2.2,,85.1,,0,,85.1,,0,,,,,
-79.6,43.78,WOODBRIDGE,6159575,Sep-76,1976,9,20.5,,8.3,,14.4,,28.9,,0.6,S,64.8,,0,,64.8,,0,,,,,
-79.6,43.78,WOODBRIDGE,6159575,Oct-76,1976,10,10.9,,1.6,,6.3,,22.2,,-6.7,,54.6,,2,,56.6,,0,,,,,
-79.6,43.78,WOODBRIDGE,6159575,Nov-76,1976,11,4.4,,-5,,-0.3,,13.9,,-11.7,,7.1,,4.8,,11.9,,,M,,,,
-79.6,43.78,WOODBRIDGE,6159575,Dec-76,1976,12,-3,,-12.9,,-8,,4.4,S,-22.2,,17.3,,42.9,,60.2,,,M,,,,
-79.6,43.78,WOODBRIDGE,6159575,Jan-77,1977,1,-7.4,,-16,,-11.7,,-0.6,,-32.8,,0,,63.9,,63.9,,,M,,,,
-79.6,43.78,WOODBRIDGE,6159575,Feb-77,1977,2,-1.9,,-9.8,,-5.9,,5,S,-22.2,S,19.4,,7.7,,27.1,,,M,,,,
-79.6,43.78,WOODBRIDGE,6159575,Mar-77,1977,3,7.5,,-2.8,,2.4,,23.3,,-15.6,,61.3,,18,,79.3,,,M,,,,
-79.6,43.78,WOODBRIDGE,6159575,Apr-77,1977,4,13.9,,0.9,,7.4,,27.2,,-10,,59.7,,2,,61.7,,0,,,,,
-79.6,43.78,WOODBRIDGE,6159575,May-77,1977,5,22.4,,7,,14.7,,31.5,,-3,,34.3,,0,,34.3,,0,,,,,
-79.6,43.78,WOODBRIDGE,6159575,Jun-77,1977,6,23.3,,10.9,,17.1,,29.5,,1,,91.8,,0,,91.8,,0,,,,,
-79.6,43.78,WOODBRIDGE,6159575,Jul-77,1977,7,26.6,,15.2,,20.9,,35,,7,,107.8,,0,,107.8,,0,,,,,
-79.6,43.78,WOODBRIDGE,6159575,Aug-77,1977,8,24.2,,13.2,,18.7,,30,S,4,,107.5,,0,,107.5,,0,,,,,
-79.6,43.78,WOODBRIDGE,6159575,Sep-77,1977,9,19.4,,11.6,,15.5,,31,,3,,153,,0,,153,,0,,,,,
-79.6,43.78,WOODBRIDGE,6159575,Oct-77,1977,10,13.2,,2.9,,8.1,,18.5,S,-3,,80.8,,0,,80.8,,0,,,,,
-79.6,43.78,WOODBRIDGE,6159575,Nov-77,1977,11,7.4,,1.2,,4.3,,19,,-11,,90.5,,6,,96.5,,,M,,,,
-79.6,43.78,WOODBRIDGE,6159575,Dec-77,1977,12,-1.2,,-8,,-4.6,,12,,-29,,42.8,,42,,84.8,,,M,,,,
-79.6,43.78,WOODBRIDGE,6159575,Jan-78,1978,1,-5.2,,-12.9,,-9.1,,4,,-23,,30.8,,34.5,,65.3,,,M,,,,
-79.6,43.78,WOODBRIDGE,6159575,Feb-78,1978,2,-5,,-15.2,,-10.1,,-1,,-24.5,,0,,11.9,,11.9,,,M,,,,
-79.6,43.78,WOODBRIDGE,6159575,Mar-78,1978,3,1,,-9,,-4,,8.5,,-20.5,,33.6,,6,,39.6,,,M,,,,
-79.6,43.78,WOODBRIDGE,6159575,Apr-78,1978,4,9.6,,-0.8,,4.4,,18,S,-6,S,65.8,,0,T,65.8,,0,,,,,
-79.6,43.78,WOODBRIDGE,6159575,May-78,1978,5,19.8,,7.5,,13.7,,30.5,S,-4.5,,65,,0,T,65,,0,,,,,
-79.6,43.78,WOODBRIDGE,6159575,Jun-78,1978,6,23.9,,10.5,,17.2,,33.5,,2.5,S,42.4,,0,,42.4,,0,,,,,
-79.6,43.78,WOODBRIDGE,6159575,Jul-78,1978,7,27.8,,14.1,,21,,36,,7.5,,19.7,,0,,19.7,,0,,,,,
-79.6,43.78,WOODBRIDGE,6159575,Aug-78,1978,8,26.8,,13.5,,20.2,,33,,6,,123.5,,0,,123.5,,0,,,,,
-79.6,43.78,WOODBRIDGE,6159575,Sep-78,1978,9,20.2,,9.6,,14.9,,30,,0,,146.9,,0,,146.9,,0,,,,,
-79.6,43.78,WOODBRIDGE,6159575,Oct-78,1978,10,13.5,,3.6,,8.6,,23,,-5,S,63.2,,0,,63.2,,0,,,,,
-79.6,43.78,WOODBRIDGE,6159575,Nov-78,1978,11,7.3,,-1.4,,3,,18.5,,-11,,48.7,,3,,51.7,,,M,,,,
-79.6,43.78,WOODBRIDGE,6159575,Dec-78,1978,12,1,,-6,,-2.5,,8.5,,-17,,42.4,,11.5,,53.9,,,M,,,,
-79.6,43.78,WOODBRIDGE,6159575,Jan-79,1979,1,-4.3,,-10.9,,-7.6,,3,,-25.5,,34.2,,42.6,,76.8,,,,,,,
-79.6,43.78,WOODBRIDGE,6159575,Feb-79,1979,2,-6.3,,-14.9,,-10.6,,8,,-30,,11.2,,16.5,,27.7,,,,,,,
-79.6,43.78,WOODBRIDGE,6159575,Mar-79,1979,3,6.8,,-2.8,,2,,18.5,,-16,,54.8,,0,T,54.8,,,,,,,
-79.6,43.78,WOODBRIDGE,6159575,Apr-79,1979,4,10.5,,0.6,,5.6,,23.5,,-9,,65.6,,15,,80.6,,,,,,,
-79.6,43.78,WOODBRIDGE,6159575,May-79,1979,5,17.9,,6.3,,12.1,,30.5,,-2,S,98.6,,0,,98.6,,,,,,,
-79.6,43.78,WOODBRIDGE,6159575,Jun-79,1979,6,23.8,,11.2,,17.5,,30.5,S,3,,81.4,,0,,81.4,,,,,,,
-79.6,43.78,WOODBRIDGE,6159575,Jul-79,1979,7,27.3,,14.1,,20.7,,32,,7,,28.7,,0,,28.7,,,,,,,
-79.6,43.78,WOODBRIDGE,6159575,Aug-79,1979,8,24.7,,13.3,,19,,32,,5,,96,,0,,96,,,,,,,
-79.6,43.78,WOODBRIDGE,6159575,Sep-79,1979,9,22,,8.8,,15.4,,30,,-1.5,,52.8,,0,,52.8,,,,,,,
-79.6,43.78,WOODBRIDGE,6159575,Oct-79,1979,10,12.5,,5.1,,8.8,,25.5,,-4,,107.9,,0,T,107.9,,,,,,,
-79.6,43.78,WOODBRIDGE,6159575,Nov-79,1979,11,8,,-0.2,,3.9,,16.5,,-9,,100.9,,1.2,,102.1,,,,,,,
-79.6,43.78,WOODBRIDGE,6159575,Dec-79,1979,12,2.3,,-4.8,,-1.3,,12.5,,-18,,71.8,,18,,89.8,,,,,,,
-79.6,43.78,WOODBRIDGE,6159575,Jan-80,1980,1,-1.4,,-9,,-5.2,,10,,-18,,30.4,,8.4,,38.8,,,,,,,
-79.6,43.78,WOODBRIDGE,6159575,Feb-80,1980,2,-3.2,,-11.7,,-7.5,,3,,-24,,0,T,4,,4,,,,,,,
-79.6,43.78,WOODBRIDGE,6159575,Mar-80,1980,3,2.7,,-5.9,,-1.6,,14,,-24,,36.6,,19.5,,56.1,,,,,,,
-79.6,43.78,WOODBRIDGE,6159575,Apr-80,1980,4,11.8,,1.4,,6.6,,18,,-7.5,,121.5,,1,,122.5,,,,,,,
-79.6,43.78,WOODBRIDGE,6159575,May-80,1980,5,21,,8,,14.5,,31,,0,,52.2,,0,,52.2,,,,,,,
-79.6,43.78,WOODBRIDGE,6159575,Jun-80,1980,6,21.1,,9.2,,15.2,,32,,0.5,S,104.3,,0,,104.3,,,,,,,
-79.6,43.78,WOODBRIDGE,6159575,Jul-80,1980,7,26.6,,14.6,,20.6,,33.5,,8.5,,111.1,,0,,111.1,,,,,,,
-79.6,43.78,WOODBRIDGE,6159575,Aug-80,1980,8,26.7,,15.8,,21.3,,31.5,,11,,48.4,,0,,48.4,,,,,,,
-79.6,43.78,WOODBRIDGE,6159575,Sep-80,1980,9,21,,9.4,,15.2,,26.5,S,-1,,58.1,,0,,58.1,,,,,,,
-79.6,43.78,WOODBRIDGE,6159575,Oct-80,1980,10,11.2,,3.2,,7.2,,24.5,,-5,,80.2,,0,,80.2,,,,,,,
-79.6,43.78,WOODBRIDGE,6159575,Nov-80,1980,11,5.5,,-1.6,,2,,14,S,-9.5,,33.5,,5,,38.5,,,,,,,
-79.6,43.78,WOODBRIDGE,6159575,Dec-80,1980,12,-2.2,,-11.4,,-6.8,,10,,-30,,42.6,,19.5,,62.1,,,,,,,
-79.6,43.78,WOODBRIDGE,6159575,Jan-81,1981,1,-5.7,E,-15.6,,-10.7,E,7.5,,-32.5,,0,,18,,18,,,,,,,
-79.6,43.78,WOODBRIDGE,6159575,Feb-81,1981,2,1.7,,-6.1,,-2.2,,9.5,,-24.5,,60,,16,,76,,,,,,,
-79.6,43.78,WOODBRIDGE,6159575,Mar-81,1981,3,5.6,,-4.6,,0.5,,21,,-15.5,,20.9,,6,,26.9,,,,,,,
-79.6,43.78,WOODBRIDGE,6159575,Apr-81,1981,4,13.5,,2.2,E,7.9,E,23,S,-8,,23.2,,0,,23.2,,,,,,,
-79.6,43.78,WOODBRIDGE,6159575,May-81,1981,5,18.3,,5.3,,11.8,,27.5,S,-1.5,,82.9,,0,,82.9,,,,,,,
-79.6,43.78,WOODBRIDGE,6159575,Jun-81,1981,6,23.8,,12,,17.9,,32.5,,2.5,,76.3,,0,,76.3,,,,,,,
-79.6,43.78,WOODBRIDGE,6159575,Jul-81,1981,7,27.1,,14.9,,21,,32.5,S,7.5,,77.4,,0,,77.4,,,,,,,
-79.6,43.78,WOODBRIDGE,6159575,Aug-81,1981,8,24.8,,14,,19.4,,29.5,,7,,123.7,,0,,123.7,,,,,,,
-79.6,43.78,WOODBRIDGE,6159575,Sep-81,1981,9,19.1,,10.3,,14.7,,27,,-1,,104.9,,0,,104.9,,,,,,,
-79.6,43.78,WOODBRIDGE,6159575,Oct-81,1981,10,11.1,,2.5,,6.8,,17.5,,-4,,105.6,,2,,107.6,,,,,,,
-79.6,43.78,WOODBRIDGE,6159575,Nov-81,1981,11,7.8,,-1.2,,3.3,,17,,-9,,59,,0,T,59,,,,,,,
-79.6,43.78,WOODBRIDGE,6159575,Dec-81,1981,12,0.2,,-6.3,,-3.1,,5.5,,-17.5,,13.6,,22,,35.6,,,,,,,
-79.6,43.78,WOODBRIDGE,6159575,Jan-82,1982,1,-4.9,,-14.8,,-9.9,,6,,-27.5,,14.4,,43,,57.4,,,,,,,
-79.6,43.78,WOODBRIDGE,6159575,Feb-82,1982,2,-3.2,,-12.3,,-7.8,,6,,-24,,3.8,,29,,32.8,,,,,,,
-79.6,43.78,WOODBRIDGE,6159575,Mar-82,1982,3,1.5,,-7.7,,-3.1,,16.5,,-21,,41.7,,24.5,,66.2,,,,,,,
-79.6,43.78,WOODBRIDGE,6159575,Apr-82,1982,4,10.1,,-2.5,,3.8,,22,,-12.5,,52.5,,2,,54.5,,,,,,,
-79.6,43.78,WOODBRIDGE,6159575,May-82,1982,5,19.8,,7.7,,13.8,,25.5,S,0,,45.8,,0,,45.8,,,,,,,
-79.6,43.78,WOODBRIDGE,6159575,Jun-82,1982,6,19.9,E,9.6,,14.8,E,24,S,1.5,,133.8,,0,,133.8,,,,,,,
-79.6,43.78,WOODBRIDGE,6159575,Jul-82,1982,7,26.5,,13.2,,19.9,,31.5,,6.5,,41.4,,0,,41.4,,,,,,,
-79.6,43.78,WOODBRIDGE,6159575,Aug-82,1982,8,22.6,,10.3,E,16.5,E,28,,0,,108.7,E,0,,108.7,E,,,,,,
-79.6,43.78,WOODBRIDGE,6159575,Sep-82,1982,9,19.2,,8.2,,13.7,,27.5,,1,,122,,0,,122,,,,,,,
-79.6,43.78,WOODBRIDGE,6159575,Oct-82,1982,10,14.6,,2.9,,8.8,,23,S,-5,,57.9,,0,T,57.9,,,,,,,
-79.6,43.78,WOODBRIDGE,6159575,Nov-82,1982,11,6.7,,-0.6,,3.1,,17.5,,-9.5,,115.5,,1,,116.5,,,,,,,
-79.6,43.78,WOODBRIDGE,6159575,Dec-82,1982,12,2.6,,-4.5,,-1,,19.5,,-19,,65,,20,,85,,,,,,,
-79.6,43.78,WOODBRIDGE,6159575,Jan-83,1983,1,-1.9,,-8.9,,-5.4,,3.5,,-20.5,,32.8,,4.5,,37.3,,,M,,,,
-79.6,43.78,WOODBRIDGE,6159575,Feb-83,1983,2,-0.6,,-8.6,,-4.6,,8,,-21.5,,33.1,,6,,39.1,,,M,,,,
-79.6,43.78,WOODBRIDGE,6159575,Mar-83,1983,3,4.7,,-4.7,,0,,12,S,-18.5,,45,,12,,57,,,M,,,,
-79.6,43.78,WOODBRIDGE,6159575,Apr-83,1983,4,9.1,,-0.6,,4.3,,24,,-8.5,,84.9,,1.1,,86,,0,,,,,
-79.6,43.78,WOODBRIDGE,6159575,May-83,1983,5,14.5,,3.6,,9.1,,21,,-3.5,,121.9,,0,T,121.9,,0,,,,,
-79.6,43.78,WOODBRIDGE,6159575,Jun-83,1983,6,24,,9.5,,16.8,,31.5,S,0.5,S,34.4,,0,,34.4,,0,,,,,
-79.6,43.78,WOODBRIDGE,6159575,Jul-83,1983,7,28,,14.2,,21.1,,34.5,,5.5,,46.3,,0,,46.3,,0,,,,,
-79.6,43.78,WOODBRIDGE,6159575,Aug-83,1983,8,25.7,,13.8,,19.8,,33,,6.5,,64.1,,0,,64.1,,0,,,,,
-79.6,43.78,WOODBRIDGE,6159575,Sep-83,1983,9,22,,8.7,,15.4,,33.5,,0,S,57.5,,0,,57.5,,0,,,,,
-79.6,43.78,WOODBRIDGE,6159575,Oct-83,1983,10,12.4,,3.1,,7.8,,24.5,,-8,,90.7,,0,,90.7,,0,,,,,
-79.6,43.78,WOODBRIDGE,6159575,Nov-83,1983,11,5.1,E,-2.1,E,1.5,E,16.5,,-10.5,,81.2,,10.2,,91.4,,,M,,,,
-79.6,43.78,WOODBRIDGE,6159575,Dec-83,1983,12,-3.7,E,-10.9,E,-7.3,E,2,,-23,E,43.7,,28.3,,72,,,M,,,,
-79.6,43.78,WOODBRIDGE,6159575,Jan-84,1984,1,-5.7,E,-15.4,,-10.6,E,2,,-33,,0.8,,35,,35.8,,,M,,,,
-79.6,43.78,WOODBRIDGE,6159575,Feb-84,1984,2,1.3,E,-7.3,,-3,E,13.5,,-28.5,,38,,44,,82,,,M,,,,
-79.6,43.78,WOODBRIDGE,6159575,Mar-84,1984,3,-1.2,,-10.6,,-5.9,,10.5,,-26.5,S,51.5,,22.5,,74,,,M,,,,
-79.6,43.78,WOODBRIDGE,6159575,Apr-84,1984,4,10.6,,0.5,,5.6,,24,,-7.5,,60.8,,5,,65.8,,0,,,,,
-79.6,43.78,WOODBRIDGE,6159575,May-84,1984,5,13.9,,3.6,,8.8,,25,,-3,S,107.6,,0,T,107.6,,0,,,,,
-79.6,43.78,WOODBRIDGE,6159575,Jun-84,1984,6,23.2,,10.7,,17,,29,S,4,,57.7,,0,,57.7,,0,,,,,
-79.6,43.78,WOODBRIDGE,6159575,Jul-84,1984,7,25.4,,12.5,,19,,31,,5,,46.9,,0,,46.9,,0,,,,,
-79.6,43.78,WOODBRIDGE,6159575,Aug-84,1984,8,26.4,,14.4,,20.4,,31.5,,5,,79.5,,0,,79.5,,0,,,,,
-79.6,43.78,WOODBRIDGE,6159575,Sep-84,1984,9,18.3,,7.7,,13,,24.5,,-2,,119.3,,0,,119.3,,,M,,,,
-79.6,43.78,WOODBRIDGE,6159575,Oct-84,1984,10,14.5,,4.9,,9.7,,21,,-4,S,31.7,,0,,31.7,,0,,,,,
-79.6,43.78,WOODBRIDGE,6159575,Nov-84,1984,11,6.4,,-2.4,,2,,19,,-12.5,,75.7,,0,T,75.7,,,M,,,,
-79.6,43.78,WOODBRIDGE,6159575,Dec-84,1984,12,2.4,,-4.7,,-1.2,,14,S,-14,,43.3,,19,,62.3,,,M,,,,
-79.6,43.78,WOODBRIDGE,6159575,Jan-85,1985,1,-5.5,,-13,,-9.3,,-0.5,S,-25,,11.2,,35,,46.2,,,M,,,,
-79.6,43.78,WOODBRIDGE,6159575,Feb-85,1985,2,-3.2,,-10.9,,-7.1,,7,,-25.5,,47.3,,31,,78.3,,,M,,,,
-79.6,43.78,WOODBRIDGE,6159575,Mar-85,1985,3,3.8,,-5.7,,-1,,17.5,,-17,,41.4,,25.5,E,66.9,E,0,,,,,
-79.6,43.78,WOODBRIDGE,6159575,Apr-85,1985,4,12.7,,1,,6.9,,29,,-9.5,,41.2,,7.3,,48.5,,0,,,,,
-79.6,43.78,WOODBRIDGE,6159575,May-85,1985,5,18.8,,6.4,,12.6,,26.5,,-2.5,,90.7,,0,,90.7,,0,,,,,
-79.6,43.78,WOODBRIDGE,6159575,Jun-85,1985,6,20.8,,8.6,,14.7,,27,,1.5,,67.5,,0,,67.5,,0,,,,,
-79.6,43.78,WOODBRIDGE,6159575,Jul-85,1985,7,24.7,,12.9,,18.8,,30,,7,S,68.3,,0,,68.3,,0,,,,,
-79.6,43.78,WOODBRIDGE,6159575,Aug-85,1985,8,24.3,,12.3,,18.3,,32,S,7,,182.4,,0,,182.4,,0,,,,,
-79.6,43.78,WOODBRIDGE,6159575,Sep-85,1985,9,21.2,,10.2,,15.7,,29,S,2,,60.2,,0,,60.2,,0,,,,,
-79.6,43.78,WOODBRIDGE,6159575,Oct-85,1985,10,13.5,,4,,8.8,,19,,-5,,61.9,,0,,61.9,,0,,,,,
-79.6,43.78,WOODBRIDGE,6159575,Nov-85,1985,11,4.2,,-0.8,,1.7,,18,,-6.5,,146.3,,10.6,,156.9,,,M,,,,
-79.6,43.78,WOODBRIDGE,6159575,Dec-85,1985,12,-3,,-9.3,,-6.2,,10,,-24,,16,,21,,37,,,M,,,,
-79.6,43.78,WOODBRIDGE,6159575,Jan-86,1986,1,-3.8,,-11,,-7.4,,5,,-26.5,,12.3,,,M,,M,,M,,,,
-79.6,43.78,WOODBRIDGE,6159575,Feb-86,1986,2,-4.5,,-11.6,,-8.1,,2,,-22,,5.6,,23,E,28.6,E,,M,,,,
-79.6,43.78,WOODBRIDGE,6159575,Mar-86,1986,3,4.2,,-5,E,-0.4,E,23,,-23,,45.7,,4.6,,50.3,,,M,,,,
-79.6,43.78,WOODBRIDGE,6159575,Apr-86,1986,4,12.1,,1.1,,6.6,,25,,-6,,46.5,,2,,48.5,,,M,,,,
-79.6,43.78,WOODBRIDGE,6159575,May-86,1986,5,18.9,E,8.2,,13.6,E,29,,-3,S,76.8,,0,,76.8,,0,,,,,
-79.6,43.78,WOODBRIDGE,6159575,Jun-86,1986,6,21.6,E,9.7,,15.7,E,30,,1,,90.4,,0,,90.4,,0,,,,,
-79.6,43.78,WOODBRIDGE,6159575,Jul-86,1986,7,24.9,,14.5,,19.7,,32.5,,6,,115.3,,0,,115.3,,0,,,,,
-79.6,43.78,WOODBRIDGE,6159575,Aug-86,1986,8,23,,11.2,,17.1,,27,S,2,,178.5,,0,,178.5,,0,,,,,
-79.6,43.78,WOODBRIDGE,6159575,Sep-86,1986,9,17.9,,8.9,,13.4,,24.5,,-0.5,,227.6,,0,,227.6,,0,,,,,
-79.6,43.78,WOODBRIDGE,6159575,Oct-86,1986,10,12.5,E,3.5,,8,E,19.5,,-6,,55.5,,0,,55.5,,0,,,,,
-79.6,43.78,WOODBRIDGE,6159575,Nov-86,1986,11,4.4,,-3.9,,0.3,,16.5,,-12,,28.3,,14.6,,42.9,,0,,,,,
-79.6,43.78,WOODBRIDGE,6159575,Dec-86,1986,12,-0.6,,-5.5,,-3.1,,2,S,-18.5,,50.6,,13.4,,64,,,M,,,,
-79.6,43.78,WOODBRIDGE,6159575,Jan-87,1987,1,-2.7,,-9.5,,-6.1,,4.5,,-23,,2.7,,44.6,,47.3,,,M,,,,
-79.6,43.78,WOODBRIDGE,6159575,Feb-87,1987,2,-1.2,,-12.6,,-6.9,,5,,-27,,2,,6,,8,,,M,,,,
-79.6,43.78,WOODBRIDGE,6159575,Mar-87,1987,3,5.7,,-5.1,,0.3,,16.5,,-17.5,,22.2,,19,,41.2,,,M,,,,
-79.6,43.78,WOODBRIDGE,6159575,Apr-87,1987,4,13.4,,2,,7.7,,27.5,,-9.5,,44.1,,2,,46.1,,0,,,,,
-79.6,43.78,WOODBRIDGE,6159575,May-87,1987,5,20,,6.5,,13.3,,33,,-3,,26,,0,,26,,0,,,,,
-79.6,43.78,WOODBRIDGE,6159575,Jun-87,1987,6,24.6,,11.5,,18.1,,32.5,,1,,50.4,,0,,50.4,,0,,,,,
-79.6,43.78,WOODBRIDGE,6159575,Jul-87,1987,7,27,,15.1,,21.1,,33,,7.5,,94.6,,0,,94.6,,0,,,,,
-79.6,43.78,WOODBRIDGE,6159575,Aug-87,1987,8,24,,12,,18,,32.5,,4,,80.9,,0,,80.9,,0,,,,,
-79.6,43.78,WOODBRIDGE,6159575,Sep-87,1987,9,19.2,,8.9,,14.1,,25,,1.5,,76.6,,0,,76.6,,0,,,,,
-79.6,43.78,WOODBRIDGE,6159575,Oct-87,1987,10,10.9,,0.3,,5.6,,19.5,,-7,,55,,0,,55,,0,,,,,
-79.6,43.78,WOODBRIDGE,6159575,Nov-87,1987,11,5.7,,-2.4,E,1.7,E,19.5,,-16,,82.1,,4,,86.1,,,M,,,,
-79.6,43.78,WOODBRIDGE,6159575,Dec-87,1987,12,0.7,,-5.2,,-2.3,,10.5,,-19,,48.8,,9,,57.8,,,M,,,,
-79.6,43.78,WOODBRIDGE,6159575,Jan-88,1988,1,-2.1,,-11.1,,-6.6,,12,,-27,,20.2,,5,E,25.2,E,,M,,,,
-79.6,43.78,WOODBRIDGE,6159575,Feb-88,1988,2,-3.4,,-12.9,,-8.2,,5.5,,-23,,10.4,,46,,56.4,,,M,,,,
-79.6,43.78,WOODBRIDGE,6159575,Mar-88,1988,3,3,,-7.1,,-2.1,,17.5,,-19.5,,21.3,,3,,24.3,,,M,,,,
-79.6,43.78,WOODBRIDGE,6159575,Apr-88,1988,4,10.3,E,-0.3,,5,E,17,,-6.5,,65.9,,0,T,65.9,,0,,,,,
-79.6,43.78,WOODBRIDGE,6159575,May-88,1988,5,19.3,,6,E,12.7,E,30,,-2,S,42.3,,0,,42.3,,0,,,,,
-79.6,43.78,WOODBRIDGE,6159575,Jun-88,1988,6,25.5,,10.6,,18.1,,36,,4,S,29,,0,,29,,0,,,,,
-79.6,43.78,WOODBRIDGE,6159575,Jul-88,1988,7,30.2,,16.2,,23.2,,39,,7,,48.6,,0,,48.6,,0,,,,,
-79.6,43.78,WOODBRIDGE,6159575,Aug-88,1988,8,27.8,,15.8,,21.8,,36,S,5.5,,27.9,,0,,27.9,,0,,,,,
-79.6,43.78,WOODBRIDGE,6159575,Sep-88,1988,9,21.3,,9.9,,15.6,,29,,3.5,,92.6,,0,,92.6,,0,,,,,
-79.6,43.78,WOODBRIDGE,6159575,Oct-88,1988,10,11.6,,3.3,E,7.5,E,26.5,,-7,,67.6,,6,,73.6,,0,,,,,
-79.6,43.78,WOODBRIDGE,6159575,Nov-88,1988,11,8,,1.4,,4.7,,15,,-4,S,66.8,,0,T,66.8,,0,,,,,
-79.6,43.78,WOODBRIDGE,6159575,Dec-88,1988,12,1.4,E,-6.3,,-2.5,E,11,,-20.5,,17,,13,,30,,,M,,,,
-79.6,43.78,WOODBRIDGE,6159575,Jan-89,1989,1,2,,-6.3,,-2.2,,11,,-23,,19.4,,11,,30.4,,0,,,,,
-79.6,43.78,WOODBRIDGE,6159575,Feb-89,1989,2,-2.4,,-9.9,,-6.2,,6,,-20,,2.3,,18,,20.3,,,M,,,,
-79.6,43.78,WOODBRIDGE,6159575,Mar-89,1989,3,2.2,,-6.7,,-2.3,,22,,-20,,10.6,,13,,23.6,,0,,,,,
-79.6,43.78,WOODBRIDGE,6159575,Apr-89,1989,4,10.4,,-0.1,,5.2,,20,,-6.5,,39.7,,4,,43.7,,0,,,,,
-79.6,43.78,WOODBRIDGE,6159575,May-89,1989,5,19.2,,7.6,,13.4,,28.5,,-1,,87.1,,0,,87.1,,0,,,,,
-79.6,43.78,WOODBRIDGE,6159575,Jun-89,1989,6,24.1,,13.6,,18.9,,31,S,5,,92.1,,0,,92.1,,0,,,,,
-79.6,43.78,WOODBRIDGE,6159575,Jul-89,1989,7,28.2,,15.3,,21.8,,32.5,S,9,S,38,,0,,38,,0,,,,,
-79.6,43.78,WOODBRIDGE,6159575,Aug-89,1989,8,25.4,,14,,19.7,,33.5,,6.5,S,83.6,,0,,83.6,,0,,,,,
-79.6,43.78,WOODBRIDGE,6159575,Sep-89,1989,9,21.4,,10,,15.7,,29.5,,-2,,63.7,,0,,63.7,,0,,,,,
-79.6,43.78,WOODBRIDGE,6159575,Oct-89,1989,10,15.5,,4,,9.8,,25,,-3.5,,74.1,,0,T,74.1,,0,,,,,
-79.6,43.78,WOODBRIDGE,6159575,Nov-89,1989,11,5.9,,-2,,2,,17,,-16,,90.5,,9,,99.5,,0,,,,,
-79.6,43.78,WOODBRIDGE,6159575,Dec-89,1989,12,-5.6,,-14.1,,-9.9,,4,,-26,,4,,41,,45,,,M,,,,
-79.6,43.78,WOODBRIDGE,6159575,Jan-90,1990,1,2.3,,-4.9,,-1.3,,10,,-15,,26.6,,13.6,,40.2,,,M,,,,
-79.6,43.78,WOODBRIDGE,6159575,Feb-90,1990,2,0.1,,-7.5,,-3.7,,10,,-21,S,35.3,,37,,72.3,,,M,,,,
-79.6,43.78,WOODBRIDGE,6159575,Mar-90,1990,3,5.2,,-3.8,,0.7,,21.5,,-15.5,S,33.4,,10,,43.4,,,M,,,,
-79.6,43.78,WOODBRIDGE,6159575,Apr-90,1990,4,14.2,,3.3,,8.8,,31.5,,-5.5,,49.5,,2,,51.5,,0,,,,,
-79.6,43.78,WOODBRIDGE,6159575,May-90,1990,5,17.5,,6.5,,12,,25.5,,-1.5,,76.6,,0,,76.6,,0,,,,,
-79.6,43.78,WOODBRIDGE,6159575,Jun-90,1990,6,24.5,,12.8,,18.7,,31,,3,,71.2,,0,,71.2,,0,,,,,
-79.6,43.78,WOODBRIDGE,6159575,Jul-90,1990,7,27,,15.1,,21.1,,35,,10.5,,56.6,,0,,56.6,,0,,,,,
-79.6,43.78,WOODBRIDGE,6159575,Aug-90,1990,8,25.9,,14.7,,20.3,,30.5,,9,,104,,0,,104,,0,,,,,
-79.6,43.78,WOODBRIDGE,6159575,Sep-90,1990,9,20.5,,10.7,,15.6,,29,,1,,55,,0,,55,,0,,,,,
-79.6,43.78,WOODBRIDGE,6159575,Oct-90,1990,10,14.1,,4.8,,9.5,,26.5,,-4.5,,113,,0,,113,,0,,,,,
-79.6,43.78,WOODBRIDGE,6159575,Nov-90,1990,11,9,,-0.1,,4.5,,22,,-6.5,,47.9,,1.2,,49.1,,0,,,,,
-79.6,43.78,WOODBRIDGE,6159575,Dec-90,1990,12,2.2,,-4.7,,-1.3,,12,,-16,,71.4,,26.6,,98,,,M,,,,
-79.6,43.78,WOODBRIDGE,6159575,Jan-91,1991,1,-2.4,E,-9.7,,-6.1,E,5.5,,-20,S,9.9,,26.2,,36.1,,,,,,,
-79.6,43.78,WOODBRIDGE,6159575,Feb-91,1991,2,1.6,,-6.3,,-2.4,,11.5,,-23,,3.4,,28,,31.4,,,,,,,
-79.6,43.78,WOODBRIDGE,6159575,Mar-91,1991,3,5.6,,-2.7,,1.4,,17,,-10.5,S,81.4,,4,,85.4,,0,,,,,
-79.6,43.78,WOODBRIDGE,6159575,Apr-91,1991,4,13.7,,4.1,,8.9,,27.5,,-6,,97.4,,0,,97.4,,0,,,,,
-79.6,43.78,WOODBRIDGE,6159575,May-91,1991,5,22.5,,10.4,,16.5,,30,S,1,,90.9,,0,,90.9,,0,,,,,
-79.6,43.78,WOODBRIDGE,6159575,Jun-91,1991,6,26.4,,13.8,,20.1,,34,,5.5,,31.1,,0,,31.1,,0,,,,,
-79.6,43.78,WOODBRIDGE,6159575,Jul-91,1991,7,28,,15.1,,21.6,,36,,8,,81.1,,0,,81.1,,0,,,,,
-79.6,43.78,WOODBRIDGE,6159575,Aug-91,1991,8,27.2,,15.5,,21.4,,34,,10.5,,55.2,,0,,55.2,,0,,,,,
-79.6,43.78,WOODBRIDGE,6159575,Sep-91,1991,9,21.4,E,9.3,,15.3,E,31.5,S,-1,,51.5,,0,,51.5,,0,,,,,
-79.6,43.78,WOODBRIDGE,6159575,Oct-91,1991,10,15.5,,5.7,,10.6,,25.5,,-4,S,64.4,,0,,64.4,,0,,,,,
-79.6,43.78,WOODBRIDGE,6159575,Nov-91,1991,11,5.7,,-1.5,,2.1,,17,,-11,,37.9,,11,,48.9,,0,,,,,
-79.6,43.78,WOODBRIDGE,6159575,Dec-91,1991,12,1,E,-6.4,E,-2.7,E,9,,-21,,15.7,,31.9,,47.6,,2,,,,,
-79.6,43.78,WOODBRIDGE,6159575,Jan-92,1992,1,-1.6,,-8.6,E,-5.1,E,6,,-24,,9,,16,,25,,3,,,,,
-79.6,43.78,WOODBRIDGE,6159575,Feb-92,1992,2,-0.5,,-7.9,,-4.2,,5,S,-22,,26.6,,8,,34.6,,1,,,,,
-79.6,43.78,WOODBRIDGE,6159575,Mar-92,1992,3,0.9,,-6,,-2.6,,10,S,-16,,22,,4,,26,,0,,,,,
-79.6,43.78,WOODBRIDGE,6159575,Apr-92,1992,4,9.9,E,0.9,,5.4,E,18,S,-7,,124.8,,0,T,124.8,,0,,,,,
-79.6,43.78,WOODBRIDGE,6159575,May-92,1992,5,,M,,M,,M,,M,,M,,M,,M,,M,,M,,,,
-79.6,43.78,WOODBRIDGE,6159575,Jun-92,1992,6,,M,,M,,M,,M,,M,,M,,M,,M,,M,,,,
-79.6,43.78,WOODBRIDGE,6159575,Jul-92,1992,7,,M,,M,,M,,M,,M,,M,,M,,M,,M,,,,
-79.6,43.78,WOODBRIDGE,6159575,Aug-92,1992,8,,M,,M,,M,,M,,M,,M,,M,,M,,M,,,,
-79.6,43.78,WOODBRIDGE,6159575,Sep-92,1992,9,,M,,M,,M,,M,,M,,M,,M,,M,,M,,,,
-79.6,43.78,WOODBRIDGE,6159575,Oct-92,1992,10,,M,,M,,M,,M,,M,,M,,M,,M,,M,,,,
-79.6,43.78,WOODBRIDGE,6159575,Nov-92,1992,11,,M,,M,,M,,M,,M,,M,,M,,M,,M,,,,
-79.6,43.78,WOODBRIDGE,6159575,Dec-92,1992,12,,M,,M,,M,,M,,M,,M,,M,,M,,M,,,,
-79.6,43.78,WOODBRIDGE,6159575,Jan-93,1993,1,,,,,,,,,,,,,,,,,,,,,,
-79.6,43.78,WOODBRIDGE,6159575,Feb-93,1993,2,,,,,,,,,,,,,,,,,,,,,,
-79.6,43.78,WOODBRIDGE,6159575,Mar-93,1993,3,,,,,,,,,,,,,,,,,,,,,,
-79.6,43.78,WOODBRIDGE,6159575,Apr-93,1993,4,,,,,,,,,,,,,,,,,,,,,,
-79.6,43.78,WOODBRIDGE,6159575,May-93,1993,5,,,,,,,,,,,,,,,,,,,,,,
-79.6,43.78,WOODBRIDGE,6159575,Jun-93,1993,6,,,,,,,,,,,,,,,,,,,,,,
-79.6,43.78,WOODBRIDGE,6159575,Jul-93,1993,7,,,,,,,,,,,,,,,,,,,,,,
-79.6,43.78,WOODBRIDGE,6159575,Aug-93,1993,8,,,,,,,,,,,,,,,,,,,,,,
-79.6,43.78,WOODBRIDGE,6159575,Sep-93,1993,9,,,,,,,,,,,,,,,,,,,,,,
-79.6,43.78,WOODBRIDGE,6159575,Oct-93,1993,10,,,,,,,,,,,,,,,,,,,,,,
-79.6,43.78,WOODBRIDGE,6159575,Nov-93,1993,11,,,,,,,,,,,,,,,,,,,,,,
-79.6,43.78,WOODBRIDGE,6159575,Dec-93,1993,12,-4.5,I,-13,I,-9.1,I,2,I,-22,I,0,I,1.6,I,1.6,I,1,,,,,
-79.6,43.78,WOODBRIDGE,6159575,Jan-94,1994,1,-7.6,,-16.9,,-12.3,,4,,-34.5,,25.6,,50.5,E,76.1,E,14,,,,,
-79.6,43.78,WOODBRIDGE,6159575,Feb-94,1994,2,-3.1,,-13.9,,-8.5,,14,,-25.5,,0,T,23.1,E,23.1,E,9,,,,,
-79.6,43.78,WOODBRIDGE,6159575,Mar-94,1994,3,4.3,,-6.1,,-0.9,,16,S,-20,,30.7,,26.7,E,57.4,E,0,,,,,
-79.6,43.78,WOODBRIDGE,6159575,Apr-94,1994,4,14,,0.7,,7.4,,26.5,,-10,,69.1,,16.2,,85.3,,0,,,,,
-79.6,43.78,WOODBRIDGE,6159575,May-94,1994,5,18.2,,4.6,E,11.4,E,30,,-3.5,,79.1,,0,,79.1,,0,,,,,
-79.6,43.78,WOODBRIDGE,6159575,Jun-94,1994,6,25.4,E,12.1,,18.8,E,35.5,,3.5,,49.1,,0,,49.1,,0,,,,,
-79.6,43.78,WOODBRIDGE,6159575,Jul-94,1994,7,27.9,E,14.3,E,21.1,E,34,E,8,B,102.5,,0,,102.5,,0,,,,,
-79.6,43.78,WOODBRIDGE,6159575,Aug-94,1994,8,24.6,E,11.9,E,18.3,E,29.5,S,4.5,,46.5,,0,,46.5,,0,,,,,
-79.6,43.78,WOODBRIDGE,6159575,Sep-94,1994,9,21.5,,8.8,,15.1,,29.5,,2,,63.8,,0,,63.8,,0,,,,,
-79.6,43.78,WOODBRIDGE,6159575,Oct-94,1994,10,15.7,,2.2,,9,,23.5,,-3.5,S,46,,0,,46,,0,,,,,
-79.6,43.78,WOODBRIDGE,6159575,Nov-94,1994,11,9.6,E,-0.3,E,4.7,E,18,,-9,,62.1,,6.6,,68.7,,0,T,,,,
-79.6,43.78,WOODBRIDGE,6159575,Dec-94,1994,12,3.2,E,-4.6,E,-0.7,E,10.5,,-21,,40.7,,24.7,,65.4,,0,,,,,
-79.6,43.78,WOODBRIDGE,6159575,Jan-95,1995,1,0.2,,-6.6,,-3.2,,13,,-20,,95.9,,27.4,,123.3,,2,,,,,
-79.6,43.78,WOODBRIDGE,6159575,Feb-95,1995,2,-2.9,,-12.6,,-7.8,,8,,-25,,7.5,,19.3,E,26.8,E,2,,,,,
-79.6,43.78,WOODBRIDGE,6159575,Mar-95,1995,3,7.8,,-4.4,,1.7,,21.5,,-17,,29.3,,6.8,,36.1,,0,,,,,
-79.6,43.78,WOODBRIDGE,6159575,Apr-95,1995,4,9,,-1,,4,,17,,-10,,71,,1.5,,72.5,,0,,,,,
-79.6,43.78,WOODBRIDGE,6159575,May-95,1995,5,19.7,,6.7,E,13.2,E,27.5,,-1,,89.9,,0,,89.9,,0,,,,,
-79.6,43.78,WOODBRIDGE,6159575,Jun-95,1995,6,26,,13.3,,19.6,,35.5,,6,,68.3,,0,,68.3,,0,,,,,
-79.6,43.78,WOODBRIDGE,6159575,Jul-95,1995,7,27.9,E,15.9,E,22.1,I,36.5,E,7,E,44.7,E,0,,44.7,E,0,,,,,
-79.6,43.78,WOODBRIDGE,6159575,Aug-95,1995,8,27.1,E,16,E,21.6,E,34.5,,7,,107.8,,0,,107.8,,0,,,,,
-79.6,43.78,WOODBRIDGE,6159575,Sep-95,1995,9,20,E,7.1,E,13.6,E,29.5,,1.5,B,43.9,,0,,43.9,,0,,,,,
-79.6,43.78,WOODBRIDGE,6159575,Oct-95,1995,10,15.2,E,5.4,E,10.3,E,27.5,,-2.5,,121.1,,0,,121.1,,0,,,,,
-79.6,43.78,WOODBRIDGE,6159575,Nov-95,1995,11,4,E,-2.5,,0.8,E,19,,-11,,102,,28.4,,130.4,,0,T,,,,
-79.6,43.78,WOODBRIDGE,6159575,Dec-95,1995,12,-1.4,,-9.1,,-5.3,,4.5,S,-20.5,,5.1,,28.6,E,33.7,E,8,,,,,
-79.6,43.78,WOODBRIDGE,6159575,Jan-96,1996,1,-2.5,,-11.4,E,-7,E,12.5,,-27,,49.4,,16.9,,66.3,,3,,,,,
-79.6,43.78,WOODBRIDGE,6159575,Feb-96,1996,2,-1.8,E,-11,E,-6.4,E,8.5,E,-24,E,32.4,E,11.7,E,44.1,E,0,T,,,,
-79.6,43.78,WOODBRIDGE,6159575,Mar-96,1996,3,2.8,,-8,,-2.6,,16,,-20.5,,5.2,,36.6,,41.8,,0,,,,,
-79.6,43.78,WOODBRIDGE,6159575,Apr-96,1996,4,9.3,E,-0.4,,4.5,E,23,,-7,,80,,11,,91,,0,,,,,
-79.6,43.78,WOODBRIDGE,6159575,May-96,1996,5,18,E,5.6,,11.9,E,30,,-2.5,,93.1,,0,,93.1,,0,,,,,
-79.6,43.78,WOODBRIDGE,6159575,Jun-96,1996,6,23.7,E,13.5,E,18.6,E,31.5,,5,,131.7,,0,,131.7,,0,,,,,
-79.6,43.78,WOODBRIDGE,6159575,Jul-96,1996,7,25.5,,13.6,,19.6,,29.5,,8,S,87.5,E,0,,87.5,E,0,,,,,
-79.6,43.78,WOODBRIDGE,6159575,Aug-96,1996,8,27,E,14.1,,20.6,E,30.5,E,9.5,,38.5,,0,,38.5,,0,,,,,
-79.6,43.78,WOODBRIDGE,6159575,Sep-96,1996,9,20.9,E,11.6,E,16.3,E,28.5,B,2,,181.5,,0,,181.5,,0,,,,,
-79.6,43.78,WOODBRIDGE,6159575,Oct-96,1996,10,13.2,,4.7,,9,,23.5,,-2.5,,81.9,,0,T,81.9,,0,,,,,
-79.6,43.78,WOODBRIDGE,6159575,Nov-96,1996,11,4.5,,-2.7,,0.9,,19,,-10,S,35,,6.5,E,41.5,E,1,,,,,
-79.6,43.78,WOODBRIDGE,6159575,Dec-96,1996,12,2.5,E,-2.7,E,-0.1,E,12,,-12.5,,69.6,,28.2,,97.8,,10,,,,,
-79.6,43.78,WOODBRIDGE,6159575,Jan-97,1997,1,-1.8,,-11,,-6.4,,7.5,,-26,,11.4,,44.9,,56.3,,12,,,,,
-79.6,43.78,WOODBRIDGE,6159575,Feb-97,1997,2,1.4,,-8.1,E,-3.4,E,11.5,,-20,,56.2,,11,E,67.2,E,0,,,,,
-79.6,43.78,WOODBRIDGE,6159575,Mar-97,1997,3,3.3,,-5.2,,-1,,14,,-14,,26.4,E,38.2,E,64.6,E,2,,,,,
-79.6,43.78,WOODBRIDGE,6159575,Apr-97,1997,4,11.9,,-0.3,,5.8,,25,,-10,,20.2,,4,,24.2,,0,,,,,
-79.6,43.78,WOODBRIDGE,6159575,May-97,1997,5,15.8,E,4.6,E,10.3,E,22.5,E,-2,E,57.2,,0,,57.2,,0,,,,,
-79.6,43.78,WOODBRIDGE,6159575,Jun-97,1997,6,26.3,,13.9,,20.1,,32,,5,,72.9,,0,,72.9,,0,,,,,
-79.6,43.78,WOODBRIDGE,6159575,Jul-97,1997,7,26.6,E,14.7,E,20.7,E,34.5,,7,,73.8,,0,,73.8,,0,,,,,
-79.6,43.78,WOODBRIDGE,6159575,Aug-97,1997,8,23.9,E,13.4,E,18.6,E,31.5,B,7,E,66.3,,0,,66.3,,0,,,,,
-79.6,43.78,WOODBRIDGE,6159575,Sep-97,1997,9,20.4,,10,E,15.2,E,29,,0.5,,50.8,,0,,50.8,,0,,,,,
-79.6,43.78,WOODBRIDGE,6159575,Oct-97,1997,10,14.6,E,4,E,9.4,E,26,E,-2.5,E,30.3,,1.9,,32.2,E,0,,,,,
-79.6,43.78,WOODBRIDGE,6159575,Nov-97,1997,11,5.7,,-0.9,E,2.4,E,13.5,,-8,B,26.6,,15,,41.6,,,,,,,
-79.6,43.78,WOODBRIDGE,6159575,Dec-97,1997,12,2.3,,-4,E,-0.8,E,10,,-17.5,,13,I,8,I,21,I,,,,,,
-79.6,43.78,WOODBRIDGE,6159575,Jan-98,1998,1,0.5,,-5.8,E,-2.7,E,11,,-16,,45.8,E,24.5,E,70.3,E,,,,,,
-79.6,43.78,WOODBRIDGE,6159575,Feb-98,1998,2,3.4,,-4.1,E,-0.4,E,10,S,-13.5,E,42.1,,3,,45.1,,,,,,,
-79.6,43.78,WOODBRIDGE,6159575,Mar-98,1998,3,6.7,E,-1.9,,2.4,E,26.5,B,-14.5,S,41.4,E,27.7,,69.1,E,,,,,,
-79.6,43.78,WOODBRIDGE,6159575,Apr-98,1998,4,14.8,,2.6,,8.7,,21.5,S,-2,S,46.4,,0,,46.4,,0,,,,,
-79.6,43.78,WOODBRIDGE,6159575,May-98,1998,5,23.1,,11.2,E,17.2,E,30.5,,4.5,,57,,0,,57,,0,,,,,
-79.6,43.78,WOODBRIDGE,6159575,Jun-98,1998,6,24.8,,12.9,E,18.9,E,33,,2,S,78.6,E,0,,78.6,E,0,,,,,
-79.6,43.78,WOODBRIDGE,6159575,Jul-98,1998,7,27.1,,14.9,,21,,33.5,,9.5,,41.7,,0,,41.7,,0,,,,,
-79.6,43.78,WOODBRIDGE,6159575,Aug-98,1998,8,27.6,E,14.8,E,21.2,E,32,E,7.5,E,38.3,,0,,38.3,,0,,,,,
-79.6,43.78,WOODBRIDGE,6159575,Sep-98,1998,9,24.2,,11.3,,17.7,,32.5,,3,S,44.8,,0,,44.8,,0,,,,,
-79.6,43.78,WOODBRIDGE,6159575,Oct-98,1998,10,15.4,,5.2,E,10.3,E,23,,-2.5,,22.4,,0,,22.4,,0,,,,,
-79.6,43.78,WOODBRIDGE,6159575,Nov-98,1998,11,8.2,,0.8,,4.5,,18.5,,-6,S,27.4,,0,T,27.4,,0,,,,,
-79.6,43.78,WOODBRIDGE,6159575,Dec-98,1998,12,4.4,,-4.4,,0,,16,,-17.5,,47.3,,3,,50.3,,,M,,,,
-79.6,43.78,WOODBRIDGE,6159575,Jan-99,1999,1,-2.3,,-10.8,,-6.6,,9,,-26,,21.8,E,81.2,,103,E,,,,,,
-79.6,43.78,WOODBRIDGE,6159575,Feb-99,1999,2,2.2,E,-5.9,,-1.8,E,11.5,,-17,,17.8,E,2,,19.8,E,,,,,,
-79.6,43.78,WOODBRIDGE,6159575,Mar-99,1999,3,5,,-4.9,,0,,22,,-20,,0,T,14.1,E,14.1,E,,,,,,
-79.6,43.78,WOODBRIDGE,6159575,Apr-99,1999,4,13.7,E,2,,7.8,E,22,E,-2,S,41.2,,1,,42.2,,0,,,,,
-79.6,43.78,WOODBRIDGE,6159575,May-99,1999,5,22,,8,,15,,32.5,,1.5,,56.3,,0,,56.3,,0,,,,,
-79.6,43.78,WOODBRIDGE,6159575,Jun-99,1999,6,25.8,E,13.9,E,19.8,E,34,,6,B,115.4,,0,,115.4,,0,,,,,
-79.6,43.78,WOODBRIDGE,6159575,Jul-99,1999,7,29.9,E,16.6,E,23.2,E,35,E,9,,43.3,,0,,43.3,,0,,,,,
-79.6,43.78,WOODBRIDGE,6159575,Aug-99,1999,8,24.8,,14.2,E,19.5,E,33,,8,E,51.5,E,0,,51.5,E,0,,,,,
-79.6,43.78,WOODBRIDGE,6159575,Sep-99,1999,9,22.8,,11.2,,17,,33,,1,,100.4,,0,,100.4,,0,,,,,
-79.6,43.78,WOODBRIDGE,6159575,Oct-99,1999,10,14,,2.5,,8.3,,23,,-6,,73.8,,0,,73.8,,0,,,,,
-79.6,43.78,WOODBRIDGE,6159575,Nov-99,1999,11,8.6,E,-1.4,E,3.5,E,18,E,-10.5,,66.4,,3.2,,69.6,,0,,,,,
-79.6,43.78,WOODBRIDGE,6159575,Dec-99,1999,12,2.8,,-7.9,E,-2.5,E,14,,-20,,23.8,,7.4,,31.2,,,M,,,,
-79.6,43.78,WOODBRIDGE,6159575,Jan-00,2000,1,-1.4,,-12,,-6.7,,9,,-26.5,,16.4,E,14.6,,31,E,,M,,,,
-79.6,43.78,WOODBRIDGE,6159575,Feb-00,2000,2,1.7,,-7.4,,-2.9,,15.5,,-24,,13.6,,30.1,E,43.7,E,,,,,,
-79.6,43.78,WOODBRIDGE,6159575,Mar-00,2000,3,9.6,,-1.1,,4.3,,25,,-9,S,19.8,,6,,25.8,,0,,,,,
-79.6,43.78,WOODBRIDGE,6159575,Apr-00,2000,4,11.6,,1.7,E,6.7,E,25,,-6,S,65.8,,5,,70.8,,0,,,,,
-79.6,43.78,WOODBRIDGE,6159575,May-00,2000,5,20.2,,8.7,,14.5,,31.5,,-0.5,,145.4,,0,T,145.4,,0,,,,,
-79.6,43.78,WOODBRIDGE,6159575,Jun-00,2000,6,24.1,E,12.6,E,18.4,E,32,E,6.5,E,168.6,,0,,168.6,,0,,,,,
-79.6,43.78,WOODBRIDGE,6159575,Jul-00,2000,7,24.9,E,14.2,E,19.5,E,29,B,8,E,92,E,0,,92,E,0,,,,,
-79.6,43.78,WOODBRIDGE,6159575,Aug-00,2000,8,25.2,E,14.4,E,19.8,I,30,E,7,B,63,E,0,,63,E,0,,,,,
-79.6,43.78,WOODBRIDGE,6159575,Sep-00,2000,9,20.5,E,9.5,E,15.1,I,30,E,0.5,B,76.4,,0,,76.4,,0,,,,,
-79.6,43.78,WOODBRIDGE,6159575,Oct-00,2000,10,15.9,E,5.4,E,10.7,E,25,,-1,S,26,,0,T,26,,0,,,,,
-79.6,43.78,WOODBRIDGE,6159575,Nov-00,2000,11,7.7,E,1,E,4.5,E,20,E,-9,E,71.7,,3.6,,75.3,,0,,,,,
-79.6,43.78,WOODBRIDGE,6159575,Dec-00,2000,12,-3,,-11.7,,-7.4,,5,,-20,S,7,E,59.7,E,66.7,E,,,,,,
-79.6,43.78,WOODBRIDGE,6159575,Jan-01,2001,1,-0.1,E,-7.2,I,-3.4,I,5,E,-20.5,I,13.6,E,19.5,,33.1,E,,,,,,
-79.6,43.78,WOODBRIDGE,6159575,Feb-01,2001,2,0.3,E,-7.2,E,-3.5,E,13.5,,-16,,39.8,E,30.5,E,70.3,E,,,,,,
-79.6,43.78,WOODBRIDGE,6159575,Mar-01,2001,3,3.1,E,-4,E,-0.8,I,9,B,-10,B,10,E,41,,51,E,,,,,,
-79.6,43.78,WOODBRIDGE,6159575,Apr-01,2001,4,13.9,E,3.3,E,8.6,E,27.5,,-2.5,,40.1,,0,T,40.1,,0,,,,,
-79.6,43.78,WOODBRIDGE,6159575,May-01,2001,5,20.4,E,9,E,14.8,E,31,S,0,E,97.8,,0,,97.8,,0,,,,,
-79.6,43.78,WOODBRIDGE,6159575,Jun-01,2001,6,25.7,I,13.4,I,19.6,I,33,I,5,I,77.6,,0,,77.6,,0,,,,,
-79.6,43.78,WOODBRIDGE,6159575,Jul-01,2001,7,25.8,I,15.7,I,20.8,I,32.5,I,10.5,I,62.8,,0,,62.8,,0,,,,,
-79.6,43.78,WOODBRIDGE,6159575,Aug-01,2001,8,28.4,I,16.2,I,22.4,I,37,I,11,I,77.4,,0,,77.4,,0,,,,,
-79.6,43.78,WOODBRIDGE,6159575,Sep-01,2001,9,21.4,,10.2,E,15.8,E,31,,3.5,,52.2,,0,,52.2,,0,,,,,
-79.6,43.78,WOODBRIDGE,6159575,Oct-01,2001,10,14.8,,5.7,,10.2,,27,,-4,,114,,0,T,114,,0,,,,,
-79.6,43.78,WOODBRIDGE,6159575,Nov-01,2001,11,11.3,E,3,E,7.2,E,19.5,,-4,,91.1,,0,T,91.1,,0,,,,,
-79.6,43.78,WOODBRIDGE,6159575,Dec-01,2001,12,5,E,-1.9,E,1.5,E,18,,-10,,39.6,,10.5,,50.1,,,M,,,,
-79.6,43.78,WOODBRIDGE,6159575,Jan-02,2002,1,2.4,E,-3.8,E,-0.7,E,12,,-14.5,,11.5,E,28.5,E,40,E,,,,,,
-79.6,43.78,WOODBRIDGE,6159575,Feb-02,2002,2,2.8,E,-5.8,E,-1.5,E,14.5,,-16,,29,E,5,E,34,E,,,,,,
-79.6,43.78,WOODBRIDGE,6159575,Mar-02,2002,3,5.1,,-3.6,E,0.8,E,18,,-12,,48.7,,23,E,71.7,E,,,,,,
-79.6,43.78,WOODBRIDGE,6159575,Apr-02,2002,4,12.4,,3.1,E,7.8,E,31,,-7,,73.7,E,12,,85.7,E,0,,,,,
-79.6,43.78,WOODBRIDGE,6159575,May-02,2002,5,17.1,E,5.8,E,11.5,E,30,,-2.5,,86.4,E,0,T,86.4,E,0,,,,,
-79.6,43.78,WOODBRIDGE,6159575,Jun-02,2002,6,23.5,E,13.3,E,18.4,E,33,E,4,E,51,E,0,,51,E,0,,,,,
-79.6,43.78,WOODBRIDGE,6159575,Jul-02,2002,7,29.3,I,17.4,I,23.1,I,36,I,10,I,100.9,E,0,,100.9,E,0,,,,,
-79.6,43.78,WOODBRIDGE,6159575,Aug-02,2002,8,28.2,I,16.8,I,22.5,I,34.5,I,12,I,14.6,,0,,14.6,,0,,,,,
-79.6,43.78,WOODBRIDGE,6159575,Sep-02,2002,9,25.1,E,12.6,E,18.8,I,34.5,E,5,E,77,,0,,77,,0,,,,,
-79.6,43.78,WOODBRIDGE,6159575,Oct-02,2002,10,12.4,,4.4,E,8.4,E,29.5,,-4,S,59.4,,0,,59.4,,0,,,,,
-79.6,43.78,WOODBRIDGE,6159575,Nov-02,2002,11,6.3,E,-0.9,E,2.7,E,17,,-8,S,46.2,,23.5,,69.7,,,,,,,
-79.6,43.78,WOODBRIDGE,6159575,Dec-02,2002,12,1.2,E,-5.7,E,-2.3,E,8,S,-18,,11,E,14,,25,E,,,,,,
-79.6,43.78,WOODBRIDGE,6159575,Jan-03,2003,1,-4.3,E,-12.9,E,-8.6,E,5,,-26.5,,0,,40.5,E,40.5,E,,,,,,
-79.6,43.78,WOODBRIDGE,6159575,Feb-03,2003,2,-2.6,,-12.4,,-7.5,,8,,-27.5,,16,E,34.2,E,50.2,E,,,,,,
-79.6,43.78,WOODBRIDGE,6159575,Mar-03,2003,3,4.8,,-5.9,,-0.6,,19.5,,-25,,29,,24.3,,53.3,,,,,,,
-79.6,43.78,WOODBRIDGE,6159575,Apr-03,2003,4,12,E,0.5,E,6.2,E,29,E,-8,E,25.4,E,9,E,34.4,E,0,,,,,
-79.6,43.78,WOODBRIDGE,6159575,May-03,2003,5,17.7,,7.5,,12.6,,25.5,,0,,98.7,,0,,98.7,,0,,,,,
-79.6,43.78,WOODBRIDGE,6159575,Jun-03,2003,6,24.3,E,12.4,E,18.4,E,35,,5,,61.8,,0,,61.8,,0,,,,,
-79.6,43.78,WOODBRIDGE,6159575,Jul-03,2003,7,26.9,E,15.7,E,21.3,E,33.5,E,11,E,44.1,,0,,44.1,,0,,,,,
-79.6,43.78,WOODBRIDGE,6159575,Aug-03,2003,8,26.7,E,16.2,E,21.4,E,32,S,8.5,S,120,,0,,120,,0,,,,,
-79.6,43.78,WOODBRIDGE,6159575,Sep-03,2003,9,21.6,E,11.2,,16.4,E,27.5,S,2.5,,115.2,,0,,115.2,,0,,,,,
-79.6,43.78,WOODBRIDGE,6159575,Oct-03,2003,10,13.7,,3.6,,8.7,,27.5,,-1,S,67.4,,0,,67.4,,0,,,,,
-79.6,43.78,WOODBRIDGE,6159575,Nov-03,2003,11,8.2,E,1.2,E,4.7,E,14.5,,-7,S,129.9,,10.5,,140.4,,,M,,,,
-79.6,43.78,WOODBRIDGE,6159575,Dec-03,2003,12,2.7,,-3.7,,-0.5,,8.5,,-13,,48.1,,19.2,,67.3,,0,,,,,
-79.6,43.78,WOODBRIDGE,6159575,Jan-04,2004,1,-5.5,E,-13.8,E,-9.7,E,13,,-29,,6.5,,44.9,,51.4,,,,,,,
-79.6,43.78,WOODBRIDGE,6159575,Feb-04,2004,2,0.8,E,-8.6,E,-3.9,E,12,,-20.5,,6,,15,,21,,,,,,,
-79.6,43.78,WOODBRIDGE,6159575,Mar-04,2004,3,5.7,,-1.3,E,2.2,E,18,,-10.5,,68.8,,7,,75.8,,0,,,,,
-79.6,43.78,WOODBRIDGE,6159575,Apr-04,2004,4,12.4,,2,,7.2,,26,,-7,,80,,0,T,80,,0,,,,,
-79.6,43.78,WOODBRIDGE,6159575,May-04,2004,5,19.1,E,8.1,E,13.6,I,29.5,E,-2.5,E,104.8,E,0,T,104.8,E,0,,,,,
-79.6,43.78,WOODBRIDGE,6159575,Jun-04,2004,6,23.5,,11.6,,17.6,,32,S,5.5,,70.5,E,0,,70.5,E,0,,,,,
-79.6,43.78,WOODBRIDGE,6159575,Jul-04,2004,7,25.2,E,15.6,E,20.4,E,30.5,,10,,139.8,,0,,139.8,,0,,,,,
-79.6,43.78,WOODBRIDGE,6159575,Aug-04,2004,8,23.8,E,14.4,E,19.1,E,28.5,E,6.5,E,55.2,E,0,,55.2,E,0,,,,,
-79.6,43.78,WOODBRIDGE,6159575,Sep-04,2004,9,23.6,E,11.6,E,17.6,E,29,S,5,S,24,E,0,,24,E,0,,,,,
-79.6,43.78,WOODBRIDGE,6159575,Oct-04,2004,10,14.7,,6.2,,10.5,,27,,0,,32.5,,0,,32.5,,0,,,,,
-79.6,43.78,WOODBRIDGE,6159575,Nov-04,2004,11,8.6,E,0.9,E,4.8,E,15,,-7.5,,74.2,,0.4,,74.6,,0,,,,,
-79.6,43.78,WOODBRIDGE,6159575,Dec-04,2004,12,0.4,,-6.6,,-3.1,,11,,-25,,45.2,E,37.5,E,82.7,E,,,,,,
-79.6,43.78,WOODBRIDGE,6159575,Jan-05,2005,1,-3.2,,-11.5,,-7.3,,17,,-27,,24.5,,42,E,66.5,E,,,,,,
-79.6,43.78,WOODBRIDGE,6159575,Feb-05,2005,2,0.7,,-9.1,,-4.3,,7,,-20,,27.6,,28.5,,56.1,,,,,,,
-79.6,43.78,WOODBRIDGE,6159575,Mar-05,2005,3,3.4,E,-6.1,E,-1.3,E,16,,-16.5,,7.6,,26.5,E,34.1,E,,,,,,
-79.6,43.78,WOODBRIDGE,6159575,Apr-05,2005,4,13.4,E,2.1,E,7.8,E,29,,-2,S,87.4,,2.7,,90.1,,0,,,,,
-79.6,43.78,WOODBRIDGE,6159575,May-05,2005,5,16.5,I,3.5,I,10,I,26,I,-1,I,4.6,,0,T,4.6,,,M,,,,